user_id,age,drinks_coffee,height
4509,<21,FALSE,64.53817904
1864,>=21,TRUE,65.82424889
2060,<21,FALSE,71.31985411
7875,>=21,TRUE,68.56940373
6254,<21,TRUE,64.02022563
3742,<21,FALSE,63.49177976
4996,>=21,TRUE,70.82845532
5695,>=21,FALSE,75.22804586
2619,<21,FALSE,66.3532307
2368,>=21,TRUE,66.20865583
3784,<21,FALSE,63.01199819
6103,>=21,TRUE,68.90568627
1861,<21,TRUE,62.64682033
5543,>=21,TRUE,70.63973053
5875,<21,FALSE,63.91551535
5256,>=21,TRUE,71.81563046
7038,>=21,TRUE,67.2442354
2132,>=21,TRUE,68.64132385
3693,>=21,TRUE,68.83543375
7619,<21,FALSE,67.58447732
6345,<21,FALSE,66.64307077
3651,<21,FALSE,63.35389389
8178,>=21,TRUE,67.12843176
2387,>=21,TRUE,70.54635766
5460,>=21,TRUE,72.1354738
4671,>=21,TRUE,71.24221067
8078,>=21,TRUE,67.53267631
3071,<21,TRUE,64.74170064
2204,<21,FALSE,67.11177965
6263,<21,FALSE,66.65534272
5160,>=21,TRUE,70.47637028
7320,>=21,TRUE,68.03779297
4811,>=21,TRUE,70.02329528
2617,>=21,FALSE,70.28886482
3011,<21,FALSE,65.12179884
3820,<21,FALSE,63.86538088
2559,>=21,TRUE,71.46065629
5561,>=21,TRUE,68.99034246
4646,<21,TRUE,63.56405071
2144,>=21,TRUE,71.3957522
7040,<21,FALSE,65.65030152
3805,<21,TRUE,63.79153149
2438,>=21,TRUE,66.50225131
7748,>=21,TRUE,71.53781258
6480,>=21,TRUE,66.25042109
3411,>=21,TRUE,69.1404155
3171,>=21,TRUE,70.21290234
2061,<21,FALSE,69.48753864
1884,>=21,FALSE,73.93499698
6596,<21,FALSE,62.49441594
4064,>=21,TRUE,67.30547502
5490,>=21,TRUE,67.512575
2029,<21,FALSE,62.70912984
6201,<21,TRUE,63.85486636
5746,<21,FALSE,63.40675542
4979,>=21,TRUE,68.66238797
5420,<21,FALSE,62.10480146
5874,<21,FALSE,64.17128693
3464,>=21,TRUE,67.32523563
6266,>=21,TRUE,69.1788934
5641,<21,FALSE,60.10101073
3824,>=21,TRUE,70.14204932
3991,<21,FALSE,68.84734217
5675,<21,FALSE,67.4994831
5233,>=21,TRUE,72.4785565
5707,>=21,TRUE,68.02667099
6614,<21,FALSE,62.76185188
4217,<21,FALSE,70.06784608
7021,>=21,TRUE,69.96198558
4198,>=21,TRUE,68.69368775
6609,>=21,TRUE,71.28412477
4311,>=21,FALSE,71.44697824
4194,<21,FALSE,67.99207716
4865,>=21,TRUE,68.46010305
4965,>=21,TRUE,69.5050175
6138,>=21,FALSE,72.62626871
2252,<21,TRUE,65.27344131
6333,<21,FALSE,73.22785154
6165,<21,FALSE,72.88031962
3484,>=21,TRUE,65.11531216
1925,<21,FALSE,63.75598237
4992,>=21,TRUE,66.65438485
7963,>=21,TRUE,72.38710499
3521,<21,FALSE,68.21612172
7031,<21,FALSE,64.34713233
3337,>=21,TRUE,67.15416298
7970,<21,TRUE,63.65281374
5079,>=21,TRUE,71.04207123
5398,<21,FALSE,66.58817515
6016,<21,FALSE,69.47609482
3537,<21,FALSE,66.20133491
7732,<21,TRUE,64.81748301
7078,<21,FALSE,67.58460467
2423,>=21,TRUE,69.54005181
7130,>=21,TRUE,66.4914841
7791,>=21,FALSE,69.31366669
6906,>=21,TRUE,69.54394437
5666,<21,FALSE,63.64788437
5754,<21,FALSE,61.54368961
2589,<21,FALSE,70.80435411
4149,>=21,FALSE,71.98980987
4635,>=21,TRUE,66.75384331
4388,<21,FALSE,64.77683911
8165,>=21,TRUE,69.60590618
1845,<21,TRUE,65.07860898
2448,>=21,TRUE,68.90769246
3427,>=21,TRUE,68.8498215
2613,<21,FALSE,68.97931765
7120,>=21,TRUE,71.82734811
5307,>=21,TRUE,70.01504192
2735,<21,TRUE,63.59737385
4627,<21,TRUE,64.1992924
3767,<21,FALSE,63.70086698
2084,<21,FALSE,67.39420516
6110,>=21,TRUE,68.93992547
5359,>=21,TRUE,68.93497083
7640,<21,FALSE,71.51095287
6751,<21,FALSE,63.86799676
2499,>=21,TRUE,67.54790132
3278,<21,FALSE,67.5615761
5553,<21,FALSE,69.74824478
2427,<21,FALSE,67.10376991
2377,<21,FALSE,70.04590242
3803,>=21,TRUE,70.44097517
5125,<21,TRUE,65.9193498
6989,>=21,TRUE,69.31909551
7217,<21,FALSE,66.68279146
4609,<21,FALSE,66.79549832
3461,>=21,TRUE,72.19215768
7039,<21,FALSE,59.89328463
4391,>=21,TRUE,68.6179391
8052,<21,FALSE,68.41820468
2206,>=21,TRUE,67.54160582
4150,>=21,TRUE,67.26440021
3791,<21,FALSE,62.54400048
4899,>=21,TRUE,66.94213742
6327,<21,FALSE,72.72117585
4491,>=21,TRUE,68.45982812
2172,>=21,TRUE,70.17220092
3860,>=21,TRUE,71.36655671
2453,>=21,TRUE,70.40260681
7491,<21,FALSE,67.94225016
3430,<21,FALSE,67.82526799
2624,>=21,TRUE,66.61778937
7327,<21,FALSE,64.85182468
4288,>=21,TRUE,68.57167579
4351,>=21,TRUE,68.95244425
8097,>=21,TRUE,68.44881581
3032,<21,TRUE,63.40172735
7747,>=21,TRUE,70.24507211
7050,<21,FALSE,71.53443232
2215,<21,TRUE,65.05696202
5291,<21,FALSE,66.14760222
3423,>=21,TRUE,66.10805162
6385,<21,FALSE,66.94481037
6841,>=21,TRUE,70.18668375
5347,>=21,TRUE,68.59341074
5658,>=21,TRUE,66.05088924
7612,>=21,TRUE,68.89914992
7946,>=21,TRUE,71.98649256
4209,>=21,TRUE,69.92876079
5574,<21,FALSE,69.2505388
7108,>=21,TRUE,70.6705716
5767,<21,FALSE,60.79921156
8063,>=21,TRUE,70.86789762
7162,>=21,FALSE,70.73805818
6300,<21,TRUE,66.20915569
4610,>=21,TRUE,66.67020308
7839,>=21,TRUE,69.40845806
3082,>=21,TRUE,65.97142929
2094,<21,TRUE,63.83008111
7935,>=21,TRUE,66.26462328
3353,>=21,TRUE,68.24951767
1889,>=21,TRUE,71.42660168
8057,<21,TRUE,63.28546431
5372,>=21,TRUE,70.23809009
4761,>=21,TRUE,71.21971093
8076,<21,FALSE,56.21949211
5041,>=21,TRUE,69.99651023
7885,>=21,TRUE,70.52430795
5813,<21,FALSE,61.77799462
7787,>=21,TRUE,70.43367956
4637,>=21,TRUE,69.97024808
5498,>=21,TRUE,68.07751354
3493,>=21,TRUE,68.63940849
4330,>=21,TRUE,67.98566643
6171,>=21,TRUE,69.70659
2073,>=21,TRUE,68.69615435
3110,>=21,TRUE,70.8557355
2806,<21,TRUE,64.33150237
6845,<21,FALSE,65.26858682
3950,>=21,TRUE,68.94494674
6783,>=21,TRUE,71.20160594
6656,>=21,TRUE,67.60220489
5470,>=21,TRUE,69.60279834
4738,<21,FALSE,64.52719964
6741,<21,FALSE,68.64072757
7173,<21,FALSE,61.17763134
5936,>=21,TRUE,67.50679554
7673,>=21,FALSE,72.36426704
7027,>=21,TRUE,70.56770572
5092,<21,FALSE,64.14422178
6544,<21,FALSE,65.52855786
3368,<21,FALSE,69.58663505
4222,>=21,TRUE,69.69318736
1943,>=21,TRUE,68.62188292
3214,<21,FALSE,68.71745207
6942,>=21,TRUE,68.72466824
7403,<21,FALSE,64.98100352
6563,>=21,TRUE,73.99621282
3380,<21,FALSE,71.2997147
3582,>=21,TRUE,66.68916071
7745,>=21,TRUE,68.77792267
7837,>=21,TRUE,69.94976209
5605,>=21,FALSE,70.61982931
2606,<21,FALSE,59.98926532
1948,<21,FALSE,63.98319076
7746,>=21,TRUE,71.01812657
6789,>=21,TRUE,69.04956372
3356,>=21,TRUE,69.00844792
4590,>=21,TRUE,68.16862811
5083,>=21,TRUE,69.18988236
2894,>=21,TRUE,69.10962215
4329,>=21,TRUE,69.46007006
7405,>=21,TRUE,67.99506013
2012,>=21,TRUE,66.98146695
4027,>=21,TRUE,69.76269369
4850,>=21,TRUE,67.66109755
3308,>=21,TRUE,64.53159857
7318,>=21,TRUE,70.63019046
3792,>=21,TRUE,70.05588976
5077,<21,TRUE,64.36505609
2830,<21,FALSE,65.62587072
4442,>=21,TRUE,72.26993729
4056,>=21,TRUE,72.78946755
3166,>=21,TRUE,72.91148104
7741,>=21,TRUE,67.55474574
7900,<21,FALSE,64.35657258
6782,<21,FALSE,68.80506435
5066,>=21,TRUE,69.69747591
1923,<21,FALSE,64.70602262
5352,<21,FALSE,64.7022718
3269,>=21,TRUE,68.21367708
6129,>=21,TRUE,66.57330959
4127,>=21,TRUE,71.77143781
7269,<21,FALSE,63.4756464
4591,>=21,TRUE,67.11772225
3576,>=21,TRUE,67.76191631
6628,>=21,TRUE,68.21302228
5792,<21,FALSE,58.90027981
4942,<21,FALSE,63.01251608
2647,>=21,FALSE,71.84792579
4571,>=21,TRUE,65.56497141
5709,>=21,FALSE,69.80200276
3183,>=21,TRUE,69.57395174
2047,>=21,TRUE,67.58009585
6530,>=21,TRUE,70.48042315
1940,>=21,TRUE,67.90958844
6932,<21,FALSE,66.06348933
7993,<21,FALSE,67.160757
2312,>=21,TRUE,70.6354969
2818,<21,FALSE,63.03780824
2743,>=21,TRUE,71.22259949
2031,<21,TRUE,62.05474654
7475,>=21,TRUE,66.02603593
6975,>=21,TRUE,69.54623453
3391,<21,FALSE,68.27354637
5262,>=21,TRUE,71.09281801
7676,<21,TRUE,63.74597053
6526,>=21,TRUE,69.67821913
1907,>=21,TRUE,72.2079617
2332,<21,FALSE,68.374499
4185,<21,TRUE,64.19877026
6573,>=21,TRUE,68.62801001
4088,>=21,TRUE,70.42407383
5026,<21,TRUE,63.08874245
1874,>=21,TRUE,66.98041043
6334,<21,FALSE,71.53535992
3984,>=21,TRUE,70.94349741
4720,<21,FALSE,63.84479455
4615,<21,FALSE,67.73255823
5089,<21,FALSE,64.965769
5068,<21,FALSE,67.20337788
6987,<21,FALSE,65.63372792
3514,>=21,TRUE,70.25461894
6667,<21,TRUE,65.47916037
2560,>=21,TRUE,67.21576615
7183,>=21,TRUE,69.22082742
5179,<21,FALSE,63.1648158
5354,<21,FALSE,57.56592147
2196,<21,TRUE,65.45700458
6105,>=21,TRUE,67.81352573
5133,<21,FALSE,66.35610449
2044,<21,FALSE,62.7031796
3195,>=21,TRUE,71.27184347
5376,<21,FALSE,61.73573633
6525,>=21,TRUE,70.83502772
7735,>=21,TRUE,69.52540126
2845,>=21,TRUE,65.16864914
3800,>=21,TRUE,70.25882078
5934,<21,FALSE,69.28733755
7841,>=21,TRUE,71.03036393
3972,>=21,FALSE,69.52055302
4813,>=21,TRUE,69.78386253
2916,<21,TRUE,62.62457305
3488,>=21,TRUE,68.75648465
4541,<21,FALSE,62.77594215
5330,>=21,TRUE,69.12713443
4726,<21,TRUE,63.67756972
6927,>=21,TRUE,65.53522488
7799,<21,TRUE,64.39366785
2493,<21,FALSE,66.23311888
5090,>=21,FALSE,69.24814557
5786,<21,FALSE,62.52526565
8180,<21,FALSE,67.25428059
4228,<21,FALSE,62.49719471
5113,>=21,TRUE,69.69555131
3034,<21,FALSE,67.07311392
3053,<21,FALSE,64.03555047
1875,<21,FALSE,67.76211802
7267,>=21,TRUE,69.05538345
4652,<21,FALSE,64.98734173
6325,>=21,TRUE,69.53497215
7473,>=21,TRUE,68.09307544
3239,>=21,TRUE,66.00617541
6523,>=21,TRUE,73.17342191
4945,>=21,TRUE,69.06801692
6189,>=21,TRUE,72.68068906
3564,>=21,TRUE,72.12599046
3511,>=21,TRUE,68.49635548
2458,>=21,TRUE,70.32864633
4818,<21,FALSE,66.0972184
7211,>=21,FALSE,72.22294555
2325,<21,FALSE,68.53660664
2614,>=21,TRUE,70.72589568
7821,<21,FALSE,67.73859085
5164,>=21,TRUE,69.93259489
7858,>=21,TRUE,70.19731386
4584,<21,FALSE,67.97156937
2126,<21,FALSE,65.90397309
2209,>=21,TRUE,67.9143821
4815,>=21,TRUE,69.63554682
2961,<21,FALSE,63.24035429
4548,>=21,TRUE,69.61979509
2143,>=21,TRUE,69.87735448
2898,<21,FALSE,66.93530205
5590,>=21,FALSE,70.56373273
6428,<21,FALSE,68.9066619
2056,>=21,TRUE,72.87874525
7386,<21,FALSE,65.93111448
8130,>=21,TRUE,71.19965484
2481,>=21,TRUE,70.18605903
7917,>=21,TRUE,69.49713082
1962,>=21,TRUE,69.10713047
2444,>=21,TRUE,66.62088802
3339,>=21,TRUE,69.35683618
8082,>=21,TRUE,68.52340936
5134,<21,FALSE,63.62946868
7384,>=21,TRUE,75.13106905
3772,>=21,TRUE,71.14397628
2355,<21,TRUE,65.14875455
7582,>=21,FALSE,68.32501165
5388,<21,FALSE,65.33958382
6960,<21,TRUE,63.55390646
3302,<21,TRUE,64.59976878
3621,>=21,TRUE,71.43979144
4991,>=21,TRUE,74.02520093
3628,>=21,TRUE,70.06483256
5182,<21,TRUE,63.97330611
3607,>=21,TRUE,74.07057941
2033,>=21,TRUE,65.80337245
4452,>=21,TRUE,71.46331988
3349,>=21,TRUE,68.50631952
6911,>=21,TRUE,65.62506223
4066,>=21,TRUE,65.98221519
5775,>=21,TRUE,68.26095396
4743,>=21,TRUE,71.62648546
4546,<21,FALSE,65.27488335
3271,>=21,TRUE,70.56817624
4477,>=21,TRUE,69.66531441
3039,>=21,TRUE,70.91124426
2604,>=21,TRUE,67.28836434
4883,<21,FALSE,59.2298798
4207,<21,FALSE,64.07154583
3118,>=21,TRUE,66.64671219
5774,>=21,TRUE,67.74193736
4297,>=21,TRUE,67.38408408
6192,<21,FALSE,65.29864044
7601,>=21,TRUE,65.21693821
6515,<21,FALSE,64.97906202
2591,<21,FALSE,69.05528724
6221,>=21,TRUE,68.71512956
7580,>=21,TRUE,69.84229684
6348,>=21,TRUE,70.13610243
2024,<21,FALSE,65.95540967
3421,<21,FALSE,61.49735353
5225,<21,FALSE,63.40562629
2380,<21,FALSE,65.67520251
8009,<21,FALSE,62.76960667
7383,<21,FALSE,62.99172926
4281,<21,FALSE,69.83135893
2684,>=21,FALSE,73.25898318
6339,<21,FALSE,62.47723237
7864,<21,FALSE,67.89640526
2872,>=21,FALSE,68.87954034
2908,>=21,TRUE,69.21109021
4118,>=21,TRUE,68.69818955
4044,<21,FALSE,65.09463548
3927,>=21,TRUE,70.30991751
7432,>=21,TRUE,68.8426663
7516,>=21,TRUE,71.51040476
7784,>=21,TRUE,67.38735206
2796,<21,FALSE,60.88227234
3809,>=21,TRUE,72.77210366
6847,>=21,TRUE,73.27683481
5778,>=21,TRUE,66.56501839
6261,>=21,TRUE,70.11801174
6957,>=21,TRUE,69.57538246
7641,>=21,TRUE,68.5281908
7467,>=21,TRUE,69.97748734
1934,>=21,TRUE,68.2186042
2973,<21,TRUE,65.18883324
3585,>=21,TRUE,68.05380713
3409,<21,FALSE,69.03505894
6381,<21,FALSE,63.02400134
4524,<21,FALSE,66.98369764
7542,<21,FALSE,67.44418094
4544,>=21,TRUE,70.04166289
5386,>=21,TRUE,70.16439437
4703,>=21,TRUE,67.91573095
3935,<21,FALSE,73.11209363
2157,>=21,TRUE,67.21752581
2799,>=21,TRUE,67.73169494
6157,>=21,FALSE,72.06084749
7302,<21,FALSE,64.22938929
3762,<21,FALSE,61.13140905
5633,>=21,TRUE,67.56379952
5188,<21,TRUE,62.69850165
4563,<21,TRUE,64.61557759
2634,<21,TRUE,62.7096743
4882,<21,FALSE,65.84678234
1929,<21,FALSE,68.98027209
7585,<21,TRUE,64.05617927
3530,<21,FALSE,61.04655401
7395,<21,FALSE,64.68826775
2846,>=21,TRUE,66.89679138
6853,<21,FALSE,67.57275615
3962,<21,FALSE,67.24447359
3889,>=21,TRUE,69.2321136
7887,>=21,TRUE,65.91097751
4331,<21,FALSE,65.28331913
7501,>=21,TRUE,68.34945003
2268,<21,FALSE,64.22527989
4579,>=21,FALSE,71.17885194
6285,>=21,TRUE,70.290491
6691,>=21,FALSE,70.55954443
3112,>=21,FALSE,74.64634967
7259,>=21,TRUE,70.21236238
4395,<21,FALSE,69.66483571
5274,>=21,TRUE,70.44148218
6765,<21,FALSE,67.033252
4393,<21,FALSE,62.9359198
3111,>=21,TRUE,72.41820508
1857,<21,FALSE,66.47610564
3387,>=21,TRUE,69.02490186
4317,>=21,TRUE,70.71394001
2868,>=21,TRUE,69.10715275
7604,>=21,TRUE,71.05267913
4639,>=21,TRUE,67.33270158
6051,>=21,TRUE,68.71782173
1933,>=21,TRUE,68.75459432
2707,<21,FALSE,65.38731507
3417,<21,FALSE,65.23174789
7333,<21,FALSE,65.17822791
7052,>=21,TRUE,70.05098018
8196,<21,FALSE,66.1547117
3729,>=21,TRUE,67.31088777
4174,<21,FALSE,69.06800211
5518,>=21,TRUE,69.69017033
3383,>=21,TRUE,68.98861211
2394,>=21,TRUE,69.74382211
7280,<21,FALSE,66.99503117
3226,<21,FALSE,66.21003534
1852,>=21,TRUE,69.591852
2363,<21,TRUE,63.80030488
6440,<21,FALSE,67.09126251
4951,<21,FALSE,68.5396322
3822,>=21,TRUE,68.36887385
7761,>=21,FALSE,67.00229297
1931,>=21,TRUE,70.81896251
2076,<21,FALSE,68.35400106
3046,<21,FALSE,63.31258379
6360,<21,FALSE,69.27940661
3623,>=21,TRUE,68.70867129
3114,>=21,TRUE,71.60720824
3834,>=21,FALSE,70.85350866
7807,>=21,TRUE,68.32067117
5654,<21,TRUE,63.27031188
6654,<21,TRUE,65.36682126
3682,>=21,TRUE,67.23399335
6144,<21,FALSE,64.59047522
5287,>=21,TRUE,68.27594445
6589,<21,FALSE,68.954708
5240,>=21,FALSE,70.78918401
8113,>=21,TRUE,67.97762825
6182,>=21,TRUE,70.38859085
5507,<21,FALSE,68.25559641
2781,>=21,TRUE,70.16624128
3639,>=21,TRUE,71.62972866
2153,>=21,TRUE,70.58265853
7796,>=21,TRUE,68.37404355
3093,>=21,TRUE,70.8255642
2167,<21,FALSE,68.43137153
3333,<21,TRUE,65.06231348
3206,>=21,TRUE,66.81119253
3503,>=21,TRUE,70.54282485
7017,>=21,TRUE,70.52963321
3438,<21,TRUE,63.14240803
5556,>=21,FALSE,72.84594239
7936,<21,FALSE,67.46363378
5833,>=21,TRUE,73.29734005
5128,>=21,TRUE,70.3939125
1937,<21,FALSE,62.85252367
2208,>=21,TRUE,73.49987355
6338,>=21,TRUE,69.21424182
3443,>=21,TRUE,68.05157081
4982,<21,FALSE,59.95100244
6443,<21,FALSE,65.10219938
3660,>=21,TRUE,70.61896089
3050,<21,FALSE,64.73567803
1987,<21,TRUE,64.24785389
7663,>=21,TRUE,69.45794753
7113,>=21,TRUE,71.3180836
2068,<21,TRUE,63.36022877
3056,>=21,TRUE,65.46413693
5098,>=21,TRUE,71.00571512
2515,<21,FALSE,65.07350761
4594,>=21,TRUE,66.85872717
6706,>=21,TRUE,71.74433241
6769,>=21,TRUE,70.11468309
7062,>=21,FALSE,69.20549655
3921,>=21,TRUE,71.61075697
2988,>=21,TRUE,72.47291351
6227,<21,FALSE,71.86044057
6521,>=21,TRUE,70.82423845
5310,>=21,TRUE,67.89313899
6884,>=21,TRUE,68.67707479
3562,<21,TRUE,63.66214802
3085,<21,FALSE,69.48110153
4105,<21,FALSE,67.37737167
3189,>=21,TRUE,71.37013453
5853,>=21,TRUE,66.11241377
6963,>=21,TRUE,69.49357681
5485,>=21,TRUE,69.07152089
3481,<21,FALSE,59.56047489
4655,>=21,TRUE,72.82747275
6825,>=21,FALSE,70.85504737
6101,<21,TRUE,64.05424718
7956,>=21,TRUE,67.90361078
6389,<21,FALSE,63.29965613
7292,>=21,TRUE,65.55738245
3305,<21,FALSE,63.79661308
4409,>=21,TRUE,69.14939625
1966,>=21,TRUE,67.93347164
8184,<21,FALSE,66.24567456
7776,<21,FALSE,63.73131037
4713,<21,FALSE,63.83145293
7141,>=21,FALSE,73.64259549
6210,>=21,TRUE,68.65214679
4471,<21,FALSE,61.59755699
3758,<21,FALSE,65.80904247
5791,<21,TRUE,63.78181143
3688,>=21,TRUE,73.08363553
6173,>=21,TRUE,72.7158617
2160,>=21,TRUE,69.52645916
7721,<21,FALSE,60.66068334
4049,<21,FALSE,63.80422781
5571,>=21,TRUE,69.598603
3508,<21,FALSE,70.24826
8022,<21,FALSE,66.03272082
8102,<21,FALSE,64.89453123
2014,>=21,TRUE,68.85232346
4233,<21,FALSE,63.32649035
5226,>=21,TRUE,67.25285893
3937,>=21,TRUE,70.31691041
5955,>=21,TRUE,67.45635178
7754,<21,FALSE,63.55204158
1942,<21,TRUE,63.25643885
5798,>=21,TRUE,67.44483481
6198,>=21,TRUE,66.68678546
3606,<21,FALSE,64.3059011
7782,>=21,TRUE,71.52114717
2299,>=21,TRUE,65.01326435
3989,>=21,TRUE,67.24150817
6143,<21,TRUE,62.78245538
2685,>=21,TRUE,74.08915588
5765,<21,FALSE,67.00273677
6921,>=21,TRUE,67.68128096
5523,>=21,TRUE,70.77928683
4304,>=21,TRUE,68.29663068
5891,>=21,TRUE,69.0925655
4046,<21,FALSE,63.72189981
7353,>=21,TRUE,69.42296789
7461,>=21,TRUE,69.98598889
4536,<21,FALSE,62.03612316
4891,<21,FALSE,64.21450817
2079,<21,TRUE,63.63084424
4670,<21,TRUE,63.02014115
4749,<21,FALSE,66.24650945
2257,>=21,TRUE,65.64073972
4643,<21,FALSE,69.83185618
6316,>=21,TRUE,65.44352902
3619,<21,FALSE,60.87008151
4441,>=21,TRUE,68.13037396
6423,>=21,TRUE,69.06572174
6594,>=21,TRUE,70.63592646
2631,>=21,TRUE,69.45935414
7161,<21,FALSE,68.29370986
7896,<21,FALSE,65.5177766
2689,>=21,TRUE,68.8649691
5502,>=21,TRUE,66.80305088
4512,>=21,TRUE,71.79652518
7666,<21,FALSE,61.83315791
5300,<21,FALSE,61.78512795
2096,<21,FALSE,67.10051734
4110,<21,FALSE,67.97980696
1910,<21,TRUE,64.76831433
5314,>=21,TRUE,69.37305177
5557,<21,FALSE,67.42815532
6417,<21,TRUE,63.61320711
6979,>=21,TRUE,71.23783565
5964,<21,FALSE,65.01283254
6605,>=21,TRUE,69.13930971
5154,>=21,TRUE,68.20661936
2537,>=21,TRUE,73.54055577
1971,>=21,TRUE,64.79293366
5195,>=21,TRUE,69.17656969
5568,>=21,TRUE,70.25175481
5366,>=21,TRUE,71.63430389
6848,>=21,TRUE,68.70251081
5148,>=21,TRUE,69.16862272
4856,>=21,TRUE,70.35305254
6985,<21,FALSE,66.87024628
6871,<21,TRUE,64.942077
4378,>=21,TRUE,74.54832194
7135,>=21,TRUE,71.10810372
4102,>=21,TRUE,70.90782766
3755,<21,TRUE,63.94082436
4702,<21,FALSE,67.00797684
5263,<21,FALSE,70.5690152
6176,<21,FALSE,65.13533318
5424,>=21,TRUE,69.67348748
7851,>=21,TRUE,71.02543464
5636,>=21,FALSE,69.88921414
4243,>=21,TRUE,69.99924746
4289,<21,FALSE,65.11633041
6711,>=21,FALSE,73.0134883
2893,<21,FALSE,65.51772958
8176,<21,FALSE,63.43756182
4618,>=21,FALSE,71.06141667
7094,<21,FALSE,67.9925014
5601,<21,TRUE,62.70389478
5308,<21,FALSE,64.72723725
3891,<21,FALSE,66.55484598
4353,>=21,TRUE,73.15082428
2487,>=21,FALSE,69.95567794
6136,>=21,TRUE,69.0984758
3448,<21,FALSE,63.4657829
3647,<21,FALSE,63.89534238
6119,>=21,TRUE,67.28076767
3980,>=21,TRUE,68.89174947
2944,>=21,TRUE,70.98331051
3358,<21,FALSE,59.97722268
5915,>=21,FALSE,71.67612824
6943,>=21,TRUE,68.3878763
3499,<21,FALSE,64.36588957
6560,<21,FALSE,64.95033661
2246,<21,FALSE,61.64717396
2224,>=21,TRUE,68.87133399
7774,>=21,TRUE,71.00946535
4384,>=21,TRUE,69.2256373
5149,>=21,TRUE,68.28995574
5737,>=21,TRUE,72.30682899
4660,<21,FALSE,61.92371047
6721,>=21,TRUE,72.66433526
4611,>=21,TRUE,71.64629611
6267,>=21,TRUE,68.73830247
3281,>=21,TRUE,67.84259956
5457,<21,FALSE,69.36267718
4861,>=21,TRUE,68.60379667
5459,>=21,FALSE,71.85238522
8138,>=21,TRUE,69.77480383
7975,>=21,TRUE,68.57090171
5355,>=21,TRUE,67.06712127
7117,>=21,TRUE,68.43129947
3069,>=21,TRUE,68.11185637
4577,<21,FALSE,68.70610072
3892,>=21,TRUE,68.0895534
7296,>=21,TRUE,68.35256253
7262,<21,TRUE,64.82053896
6668,<21,FALSE,67.1181218
4246,<21,FALSE,62.67207271
1909,<21,FALSE,61.00111191
5886,<21,FALSE,63.44543433
5611,>=21,TRUE,66.65962504
4350,<21,FALSE,68.81235644
6833,>=21,TRUE,69.12167696
8025,>=21,TRUE,65.26082933
7730,<21,FALSE,69.11927272
2369,>=21,TRUE,68.41178254
6602,>=21,FALSE,72.78736721
7733,>=21,TRUE,69.44379776
3595,>=21,TRUE,70.20080982
6052,>=21,TRUE,68.72947796
2002,>=21,TRUE,67.81961721
3620,>=21,FALSE,73.40744037
4173,<21,TRUE,64.58264903
6032,<21,FALSE,67.38745086
5122,<21,FALSE,68.7903847
4847,>=21,TRUE,66.73275649
5338,>=21,TRUE,68.39984255
6663,<21,FALSE,68.4298244
3019,>=21,TRUE,66.48062656
7915,<21,FALSE,63.38210531
4913,<21,TRUE,65.32331214
3229,<21,TRUE,64.0415624
4919,>=21,TRUE,70.30331235
4234,>=21,TRUE,72.28367242
2866,<21,FALSE,71.16314309
4809,>=21,TRUE,67.21730398
5751,>=21,TRUE,71.95476752
2353,>=21,TRUE,67.63107799
2698,>=21,TRUE,71.2422462
2289,>=21,TRUE,69.91053911
8089,>=21,TRUE,73.34507984
6367,>=21,TRUE,69.38530507
7835,<21,TRUE,64.13761958
5268,<21,FALSE,73.46438429
5328,>=21,TRUE,68.42480907
2610,>=21,TRUE,67.91692381
2672,<21,FALSE,61.83531884
4606,>=21,TRUE,70.35911893
3363,>=21,FALSE,71.43330439
7906,<21,FALSE,65.9009335
2247,<21,FALSE,68.63972704
7705,>=21,TRUE,68.9528365
5811,<21,FALSE,66.65870019
6983,>=21,TRUE,69.71383047
8071,>=21,TRUE,68.75895225
4915,>=21,FALSE,71.18655458
7816,>=21,TRUE,70.79312968
5519,>=21,TRUE,72.117516
6579,>=21,TRUE,69.51241585
5896,<21,TRUE,64.89711254
2877,>=21,TRUE,71.5039473
2618,<21,FALSE,64.37301134
3555,<21,TRUE,63.17842012
8055,<21,FALSE,64.65988033
5362,>=21,TRUE,68.39877813
8175,<21,FALSE,62.72037945
2674,>=21,TRUE,72.33444543
4921,<21,FALSE,62.25672917
2856,>=21,TRUE,68.6638476
3491,<21,FALSE,65.99689701
4733,<21,FALSE,59.68468974
2869,<21,FALSE,65.13811729
3965,>=21,TRUE,69.08112579
7359,<21,FALSE,64.54962065
7362,>=21,TRUE,70.25285523
7723,<21,FALSE,66.61496419
5447,<21,FALSE,63.46718264
3985,>=21,TRUE,69.60207475
2938,>=21,TRUE,69.38023459
1862,>=21,TRUE,74.74508796
4156,>=21,TRUE,71.71690756
4218,>=21,TRUE,68.14616256
2850,<21,FALSE,66.00209953
6243,<21,FALSE,59.86475767
5734,>=21,TRUE,71.67767077
3575,>=21,TRUE,69.0577414
5983,<21,FALSE,62.93168002
7290,>=21,TRUE,68.26909345
4211,>=21,TRUE,68.87927896
6458,>=21,TRUE,71.9181485
2737,<21,FALSE,65.4657464
6889,>=21,TRUE,70.20053271
7873,>=21,TRUE,68.89014297
2586,>=21,TRUE,68.88245653
3930,>=21,TRUE,66.40426862
3899,>=21,TRUE,67.92337197
7508,<21,TRUE,63.56607613
4789,>=21,TRUE,71.85960769
7759,>=21,TRUE,67.27040678
1847,>=21,TRUE,70.74919406
4727,<21,FALSE,61.47026211
3460,>=21,TRUE,67.1633399
1844,>=21,TRUE,68.19600715
6137,<21,TRUE,65.32435992
7030,>=21,TRUE,65.22342636
4918,>=21,TRUE,68.00264289
7329,>=21,TRUE,68.1243377
5632,<21,FALSE,64.53526868
7573,>=21,FALSE,73.89491446
7355,<21,TRUE,62.75336946
8199,<21,FALSE,67.58161466
6686,>=21,TRUE,67.24145415
7661,<21,FALSE,66.28433879
4790,<21,FALSE,64.91801274
7496,<21,FALSE,65.03669714
2779,>=21,TRUE,68.57945436
2062,>=21,TRUE,73.48562095
4717,>=21,TRUE,70.68641963
5031,<21,FALSE,66.78997737
6294,>=21,TRUE,67.95126262
7246,>=21,TRUE,68.38264162
3033,<21,FALSE,68.85890151
4037,<21,FALSE,63.429157
6703,>=21,TRUE,70.00957241
5175,>=21,TRUE,67.15209981
4242,<21,FALSE,66.64554216
4117,>=21,TRUE,64.20332966
7360,>=21,TRUE,70.75725805
5176,>=21,TRUE,68.87107958
7678,<21,TRUE,63.71185182
2479,>=21,TRUE,71.60053744
2467,<21,TRUE,64.58417384
4439,>=21,FALSE,74.04151221
4950,>=21,TRUE,68.01664446
6041,>=21,TRUE,70.5149012
4849,>=21,TRUE,70.06874915
6863,<21,FALSE,68.19068682
7018,<21,FALSE,70.96429866
3654,>=21,TRUE,67.65942306
3773,<21,FALSE,68.39835612
4260,>=21,TRUE,70.89350965
3208,>=21,FALSE,69.41026823
4519,>=21,TRUE,68.16344799
7106,>=21,TRUE,70.17649953
6091,>=21,TRUE,70.6515123
6071,<21,FALSE,67.05518914
3126,>=21,TRUE,68.82188623
4114,>=21,FALSE,74.23696657
4565,<21,FALSE,63.42954031
5679,>=21,TRUE,71.7333527
3689,<21,TRUE,63.17417829
6324,>=21,TRUE,69.33154166
2688,<21,FALSE,68.38828089
2983,>=21,TRUE,67.26598992
4020,<21,FALSE,67.21808944
6599,>=21,TRUE,65.66109514
2895,<21,FALSE,66.98574324
7556,>=21,FALSE,70.38348144
5141,>=21,TRUE,71.61047274
7380,>=21,TRUE,70.03942433
7082,<21,TRUE,63.06164722
5335,>=21,TRUE,70.644185
4479,>=21,TRUE,70.87299534
4788,<21,FALSE,66.56780969
7350,<21,FALSE,64.95153045
5167,<21,FALSE,64.5307092
1887,<21,FALSE,66.93765309
7922,>=21,TRUE,66.58937487
3764,>=21,TRUE,66.11647475
6678,<21,FALSE,67.45914983
4912,>=21,TRUE,64.66550178
7828,<21,FALSE,68.40188874
3390,<21,FALSE,64.48792624
4080,<21,FALSE,66.87566982
2593,<21,FALSE,69.48966825
6708,<21,FALSE,64.39202641
5396,>=21,TRUE,71.39374724
7596,>=21,TRUE,68.01225861
7136,>=21,TRUE,68.87897362
2583,<21,TRUE,65.36380157
8109,>=21,TRUE,67.61012743
7813,>=21,TRUE,67.63272378
4755,>=21,TRUE,69.53310289
7785,<21,FALSE,66.81830577
3374,>=21,TRUE,70.2545534
2639,>=21,TRUE,68.44553534
8166,<21,FALSE,66.63120153
5219,<21,FALSE,68.12739574
5299,>=21,TRUE,69.16479985
5825,>=21,FALSE,68.13610413
6003,<21,FALSE,62.10851679
3554,>=21,TRUE,69.91359007
3572,<21,FALSE,64.13651809
3375,<21,FALSE,61.55951236
6807,<21,FALSE,66.76257856
7216,<21,FALSE,64.32117807
6522,<21,FALSE,72.35672578
7486,>=21,TRUE,69.30251602
6202,>=21,TRUE,69.70093925
3138,<21,TRUE,64.34377727
7734,>=21,TRUE,67.96049322
4407,>=21,TRUE,68.65347994
3949,<21,FALSE,66.64085663
2163,>=21,TRUE,65.32393292
4731,>=21,TRUE,67.52753479
3974,>=21,TRUE,71.29710831
2788,>=21,TRUE,72.40094262
2886,<21,FALSE,62.18545902
6849,<21,FALSE,58.59468881
6068,>=21,TRUE,71.53922593
2592,>=21,TRUE,70.07576448
4550,>=21,TRUE,68.9060261
2122,>=21,TRUE,69.93526189
4356,<21,FALSE,64.54610356
5919,>=21,TRUE,68.24054591
7531,>=21,TRUE,70.24859598
5455,<21,FALSE,67.99200672
3904,<21,FALSE,61.11403465
5499,<21,FALSE,64.5871495
4692,>=21,TRUE,68.96140529
3199,<21,FALSE,67.17308058
6787,<21,FALSE,68.29645087
5078,<21,FALSE,66.17582784
6455,<21,FALSE,62.74993499
7387,>=21,TRUE,68.25348243
2150,<21,FALSE,69.29472476
2339,<21,FALSE,68.81431093
4367,>=21,TRUE,66.67723522
3565,<21,FALSE,66.34160717
6155,>=21,TRUE,67.77544033
8174,<21,FALSE,60.46769875
7756,<21,FALSE,66.93629192
6936,<21,FALSE,68.66286924
5909,>=21,TRUE,70.01580809
2242,<21,FALSE,63.53472716
7043,<21,FALSE,68.61979438
5963,<21,FALSE,63.71817834
7589,<21,FALSE,65.81724219
7460,>=21,FALSE,69.67570538
7429,>=21,TRUE,69.65072166
4162,<21,FALSE,66.77048747
3586,<21,TRUE,66.25912903
6537,>=21,FALSE,70.15117529
3675,<21,FALSE,67.51300833
5558,>=21,TRUE,70.39448998
5261,>=21,TRUE,67.5779453
3399,>=21,TRUE,70.76054563
4820,<21,FALSE,63.07572811
5634,<21,FALSE,68.19731014
2291,>=21,FALSE,69.42045139
4975,>=21,FALSE,74.2760026
7856,<21,FALSE,59.75640628
6704,<21,FALSE,58.97014277
1949,>=21,FALSE,73.65872147
2283,<21,FALSE,67.0170694
5281,>=21,TRUE,67.4403689
7862,<21,FALSE,69.83049203
7767,>=21,TRUE,67.4858993
3028,>=21,TRUE,68.88532921
4981,>=21,TRUE,67.37099353
2192,>=21,TRUE,68.51849027
3228,>=21,TRUE,66.52588909
5333,<21,FALSE,73.7139936
2142,>=21,TRUE,67.54234581
3156,>=21,TRUE,67.69390356
3694,>=21,TRUE,69.69597204
3939,<21,FALSE,66.6577943
3705,<21,TRUE,65.64415148
6777,<21,FALSE,64.95516059
3348,>=21,TRUE,67.38566061
5527,>=21,TRUE,68.68322473
4540,<21,FALSE,67.81397524
3275,>=21,TRUE,69.76345807
2638,>=21,TRUE,68.75231059
4021,>=21,TRUE,66.60339651
8111,>=21,TRUE,69.2073347
3492,<21,FALSE,66.87247657
2354,>=21,TRUE,71.03092403
7079,>=21,TRUE,68.67998557
2116,<21,FALSE,69.53320555
4339,>=21,TRUE,70.17761185
6968,>=21,FALSE,73.42057419
5445,<21,TRUE,65.46823261
4326,>=21,TRUE,71.8197403
4933,>=21,TRUE,70.29703686
7251,<21,FALSE,64.8648437
5755,<21,FALSE,64.46374259
6959,>=21,TRUE,73.23033872
7028,>=21,TRUE,68.76626225
3712,<21,FALSE,66.47357989
2734,<21,FALSE,67.18468224
4593,<21,FALSE,65.7958914
7614,>=21,TRUE,68.67276561
7878,>=21,TRUE,65.82715485
6930,>=21,TRUE,73.58132806
2546,>=21,TRUE,69.01144649
3378,<21,FALSE,64.11679634
4264,<21,FALSE,65.01107865
4011,<21,TRUE,62.85657711
6098,<21,TRUE,65.36783548
8014,>=21,TRUE,68.7376334
3276,<21,TRUE,63.72695863
2348,<21,FALSE,64.30150137
3612,<21,FALSE,64.80714101
7400,<21,FALSE,66.24436126
6390,>=21,TRUE,70.3553212
5566,<21,FALSE,66.08646544
6671,>=21,TRUE,65.33609261
6684,<21,FALSE,62.87355764
6122,>=21,TRUE,70.77972847
3287,<21,FALSE,68.17062135
5234,>=21,TRUE,64.82802871
7855,<21,FALSE,66.52339042
7718,<21,FALSE,66.22733004
4762,>=21,FALSE,70.70066347
7490,>=21,TRUE,71.1583232
5505,<21,FALSE,59.93356987
5072,<21,FALSE,69.68145207
4922,>=21,TRUE,70.38603185
3724,<21,TRUE,65.36894965
4645,<21,FALSE,57.77500362
3884,>=21,TRUE,69.82786455
7397,<21,TRUE,62.87043127
6395,>=21,TRUE,65.28925603
4143,>=21,TRUE,71.45473944
4167,>=21,TRUE,72.06765235
4322,>=21,TRUE,68.78616437
8197,>=21,TRUE,69.77248432
1960,<21,TRUE,63.45786052
4651,<21,FALSE,63.92439661
5063,>=21,TRUE,69.18111814
6948,<21,TRUE,62.80938473
2232,<21,FALSE,68.68121282
6859,>=21,TRUE,68.41733463
2841,<21,FALSE,66.79519212
6148,<21,FALSE,61.59041815
6353,>=21,TRUE,69.09750773
3418,<21,TRUE,65.6827767
4708,<21,TRUE,64.24601246
3344,<21,TRUE,62.97353251
5877,>=21,TRUE,68.78622823
4498,>=21,TRUE,66.82183959
2269,<21,FALSE,62.74813593
7512,>=21,FALSE,68.74273295
7239,<21,FALSE,66.95740618
7087,<21,FALSE,66.8177219
4677,>=21,TRUE,72.32802359
2882,>=21,TRUE,68.75620513
2321,>=21,TRUE,69.69109031
2051,>=21,TRUE,71.58619579
4454,>=21,TRUE,66.45941388
3049,<21,FALSE,64.42929113
6956,>=21,TRUE,67.92462447
3021,<21,FALSE,64.65835046
6879,>=21,TRUE,72.91494483
6819,<21,FALSE,68.34745781
7554,>=21,TRUE,67.47737871
2686,>=21,TRUE,67.20574175
2003,<21,FALSE,64.63748404
4624,<21,TRUE,64.93657544
2093,>=21,TRUE,67.12957763
5265,>=21,TRUE,71.12726042
2226,>=21,TRUE,70.20213537
5669,<21,FALSE,65.11176924
4959,<21,FALSE,62.81606257
6315,<21,FALSE,65.14555828
7962,>=21,TRUE,68.00649902
5911,<21,TRUE,64.96410542
5815,<21,FALSE,67.45236623
2582,>=21,TRUE,68.11848707
2955,>=21,TRUE,70.09879673
2915,<21,FALSE,65.68994822
2055,<21,FALSE,64.95996663
5829,>=21,TRUE,70.27146054
3855,<21,FALSE,68.85356517
2513,<21,TRUE,63.59060756
3602,>=21,FALSE,70.27586792
4337,>=21,TRUE,70.39650111
2365,>=21,FALSE,70.70624313
5305,<21,FALSE,68.17597762
6899,>=21,TRUE,63.34134953
4336,<21,TRUE,63.89444878
3624,<21,FALSE,68.6559501
2891,<21,FALSE,68.23646606
7877,>=21,TRUE,69.67697462
3402,>=21,TRUE,71.05738188
4065,<21,FALSE,66.8421493
7537,<21,FALSE,64.29117411
5221,<21,FALSE,67.74043004
3257,>=21,TRUE,66.65470017
5625,>=21,TRUE,71.46897814
7547,>=21,TRUE,69.32941396
4364,>=21,TRUE,70.35144875
4650,>=21,TRUE,69.18451815
3313,>=21,TRUE,67.68607202
6818,<21,FALSE,68.56807333
2581,>=21,TRUE,72.13421187
4938,<21,FALSE,61.74713015
2703,<21,FALSE,62.26080302
3752,<21,TRUE,63.45986643
2913,>=21,TRUE,68.17997133
3422,<21,FALSE,64.91149224
3416,>=21,TRUE,64.19098299
6600,>=21,TRUE,66.09575102
3532,<21,TRUE,63.07265859
7225,<21,TRUE,63.20938962
6134,>=21,TRUE,67.11637083
4854,>=21,FALSE,71.86623936
1860,>=21,TRUE,68.20201346
7041,<21,FALSE,64.86452938
5400,<21,FALSE,71.5441016
6800,<21,FALSE,61.68305563
4419,>=21,TRUE,72.8291878
7658,>=21,TRUE,69.33965937
4195,>=21,TRUE,69.48747972
6475,<21,FALSE,69.43451503
4890,>=21,TRUE,70.02820401
2477,>=21,TRUE,69.59107538
7865,>=21,TRUE,66.6972729
3125,>=21,TRUE,66.74592064
4894,<21,FALSE,66.33983294
5099,>=21,TRUE,70.42008143
6479,<21,FALSE,68.68566197
7045,>=21,TRUE,71.19624724
2732,<21,FALSE,67.60055055
2287,>=21,TRUE,68.14316516
5971,>=21,TRUE,66.18329714
4253,>=21,TRUE,64.47587692
5796,>=21,TRUE,70.54507983
6471,>=21,TRUE,67.90230888
6645,<21,TRUE,65.34444132
4995,>=21,TRUE,67.82686057
6569,<21,FALSE,66.71735943
2608,<21,FALSE,71.79916951
8006,<21,FALSE,65.86044144
2261,<21,FALSE,65.83360817
4007,>=21,TRUE,67.72248413
6953,<21,FALSE,69.51080345
7171,>=21,TRUE,70.32520369
3330,>=21,FALSE,71.62730952
4859,<21,FALSE,70.23474794
7248,<21,FALSE,64.15571294
6912,<21,FALSE,65.25950646
5736,<21,FALSE,66.81958547
3862,<21,TRUE,64.14580922
2120,>=21,TRUE,68.32917434
3164,<21,FALSE,64.87110542
4484,<21,FALSE,70.7904541
3350,<21,FALSE,65.21341197
7297,>=21,TRUE,69.0365155
3524,>=21,TRUE,68.50674805
2681,>=21,TRUE,63.46135524
8091,<21,FALSE,69.10203322
2454,<21,FALSE,65.86365703
4699,<21,FALSE,62.99806063
4791,<21,FALSE,68.77044671
3153,<21,TRUE,64.31086318
3452,<21,FALSE,65.29830532
4888,<21,FALSE,65.71439125
3845,<21,TRUE,62.72221433
6630,>=21,TRUE,66.56203795
4399,>=21,TRUE,69.52831389
4799,>=21,TRUE,67.93701312
6388,<21,FALSE,65.06880627
5037,<21,FALSE,69.26154215
5686,<21,FALSE,68.88102665
6408,<21,FALSE,64.61531438
5570,<21,FALSE,62.37622334
7857,<21,FALSE,68.03252899
4648,>=21,TRUE,67.90117492
5706,>=21,TRUE,69.02490513
4664,>=21,TRUE,68.30850744
5541,<21,FALSE,64.47072685
6387,>=21,TRUE,71.31723292
5986,<21,FALSE,64.47227562
6538,>=21,TRUE,67.95343149
2236,>=21,TRUE,68.25497604
2623,<21,FALSE,63.22258265
2186,>=21,TRUE,64.88494942
2229,>=21,TRUE,65.87635709
5988,>=21,FALSE,70.90707631
4414,<21,FALSE,67.00058218
7341,>=21,TRUE,71.10885879
7944,<21,TRUE,64.00175433
2755,<21,FALSE,69.38560398
4365,<21,FALSE,67.92992557
4990,<21,TRUE,63.68130065
6744,>=21,TRUE,68.65115772
2957,<21,FALSE,65.84878315
5326,<21,FALSE,59.76500722
4768,>=21,TRUE,70.21936593
2199,>=21,TRUE,69.75213936
6749,<21,FALSE,66.43998667
6237,<21,FALSE,62.49374352
2121,>=21,TRUE,71.35125161
5817,>=21,TRUE,67.24182193
3528,>=21,TRUE,69.71088967
7465,>=21,TRUE,65.79646277
5626,>=21,TRUE,68.27347839
3002,<21,FALSE,69.13589553
2720,<21,TRUE,64.84461587
6397,<21,FALSE,64.55579422
2235,<21,FALSE,58.07609026
6332,>=21,TRUE,70.96631446
3501,<21,FALSE,63.61646695
2018,<21,FALSE,65.51380146
5619,<21,FALSE,62.65608405
2816,>=21,TRUE,70.86908454
6758,>=21,TRUE,71.94779796
4520,>=21,TRUE,68.46353148
7817,>=21,TRUE,71.09467029
3219,>=21,TRUE,70.19254969
7042,<21,TRUE,64.66085267
7061,>=21,TRUE,67.43911591
3840,>=21,TRUE,70.57915438
6813,<21,FALSE,65.50530953
7279,>=21,TRUE,69.89379463
3480,>=21,TRUE,67.47080438
4062,<21,FALSE,66.46671847
3463,<21,TRUE,63.92937771
5920,<21,TRUE,63.77148855
7201,<21,TRUE,64.91396103
3100,>=21,TRUE,68.17374699
7208,>=21,TRUE,70.04852561
3038,<21,TRUE,63.9927721
5497,>=21,TRUE,68.66814898
4505,>=21,TRUE,73.36044625
6639,<21,TRUE,61.79794426
1854,<21,FALSE,70.87266694
7618,<21,FALSE,66.06400056
6013,>=21,TRUE,69.47504091
4986,<21,FALSE,62.54848578
4012,>=21,TRUE,66.55929793
4073,>=21,TRUE,68.12625819
5550,<21,FALSE,63.6907386
2690,>=21,TRUE,63.7909577
5172,<21,FALSE,64.09725783
5245,>=21,TRUE,69.83063806
5413,<21,FALSE,64.80243207
5926,<21,FALSE,72.10151032
8190,<21,FALSE,68.22607102
6731,>=21,TRUE,71.6460869
3699,>=21,TRUE,69.04529262
2632,>=21,TRUE,67.58091587
4824,>=21,TRUE,70.61691573
4172,>=21,TRUE,71.01118885
7401,<21,FALSE,62.84681509
3671,>=21,TRUE,67.67620478
4057,<21,TRUE,63.97474967
7921,>=21,TRUE,66.66742733
4006,>=21,FALSE,71.51417014
6344,>=21,FALSE,72.6406091
3759,<21,FALSE,67.08702145
5007,<21,TRUE,63.90448319
3549,>=21,TRUE,74.38393309
4552,<21,FALSE,69.09861725
8132,>=21,TRUE,67.69597593
7058,>=21,TRUE,71.90388681
2013,<21,FALSE,64.67136156
8059,>=21,FALSE,71.01083391
4126,>=21,TRUE,64.94541696
4068,>=21,TRUE,68.36982827
2054,<21,TRUE,62.53891692
2222,>=21,TRUE,65.25799207
2472,>=21,TRUE,72.31882318
8062,>=21,TRUE,69.42152436
3817,>=21,TRUE,68.61535365
7880,>=21,TRUE,69.37231962
5595,<21,FALSE,68.87111339
7809,>=21,FALSE,73.26122056
4106,>=21,FALSE,76.19404627
5193,>=21,FALSE,69.89616489
2933,>=21,TRUE,69.70669037
6624,>=21,TRUE,65.13813352
7852,>=21,TRUE,65.04835378
2338,>=21,FALSE,69.3881448
1997,>=21,TRUE,68.19596324
2759,<21,FALSE,70.25550752
1911,<21,FALSE,66.92625501
1903,<21,TRUE,64.93936314
5976,>=21,TRUE,71.08439625
6084,<21,TRUE,62.70755963
4682,>=21,TRUE,70.49008641
4772,>=21,FALSE,73.19344721
6163,<21,FALSE,62.61406813
5046,<21,FALSE,66.78303214
3761,<21,FALSE,64.59792674
3584,<21,TRUE,63.25704378
2949,>=21,TRUE,71.63736893
8141,<21,FALSE,61.91102562
5196,>=21,FALSE,69.75810406
4108,>=21,TRUE,67.87967029
7412,<21,TRUE,63.38952134
7740,>=21,FALSE,66.48550187
2809,<21,FALSE,64.54681205
6591,<21,FALSE,68.7819002
5317,>=21,TRUE,69.02730363
5439,>=21,TRUE,67.18454519
6724,>=21,TRUE,66.3731287
5849,>=21,TRUE,72.94236166
6655,>=21,TRUE,67.73106917
5653,>=21,TRUE,63.47153318
2769,<21,FALSE,69.99508035
3919,>=21,FALSE,70.68186342
3622,<21,TRUE,62.45756869
2478,<21,FALSE,67.4783406
6514,>=21,TRUE,69.76937646
5215,>=21,TRUE,70.55347392
3341,>=21,TRUE,70.45393988
5293,>=21,TRUE,69.91028015
7199,>=21,TRUE,71.39079528
3801,<21,FALSE,62.49549221
6293,>=21,TRUE,66.46648757
1890,<21,FALSE,72.69549504
5975,>=21,TRUE,70.28851152
7876,<21,FALSE,67.340376
6244,>=21,TRUE,69.8328073
7456,<21,FALSE,66.35813706
7168,<21,FALSE,67.00096546
2854,>=21,FALSE,69.67316898
3947,<21,FALSE,61.35639289
8181,>=21,TRUE,68.34730973
2414,<21,FALSE,62.64790943
5468,>=21,TRUE,68.32168853
5342,>=21,TRUE,68.30268067
4270,<21,FALSE,67.66302724
5761,<21,FALSE,66.14002665
4175,<21,FALSE,65.67840735
3642,>=21,TRUE,71.28303391
2262,>=21,TRUE,68.97339041
5206,>=21,TRUE,70.34048011
4295,<21,TRUE,63.03658866
3498,>=21,TRUE,68.23249563
6925,>=21,TRUE,69.00965323
7137,<21,FALSE,69.07763385
7479,<21,FALSE,65.53551114
4292,>=21,TRUE,67.30596904
2542,>=21,TRUE,70.88214771
3115,>=21,TRUE,65.18320374
6931,>=21,TRUE,68.44901886
7348,>=21,FALSE,71.28981404
6213,>=21,TRUE,68.009254
6273,>=21,TRUE,69.57334955
2374,>=21,TRUE,69.18433358
4359,>=21,TRUE,73.17674199
5503,>=21,TRUE,71.31029558
3568,>=21,TRUE,68.92991697
3887,>=21,FALSE,72.11504125
5797,<21,FALSE,64.74426733
7535,>=21,TRUE,70.91824451
7860,>=21,TRUE,68.86669804
8194,>=21,TRUE,64.38486195
7339,>=21,TRUE,71.48628744
3196,<21,FALSE,62.94546835
5442,>=21,TRUE,72.01841157
5065,>=21,TRUE,73.56170207
6601,<21,FALSE,67.73076772
5762,<21,FALSE,71.38064313
7514,>=21,TRUE,72.87055218
5124,>=21,TRUE,69.25802672
2161,>=21,TRUE,70.6689016
5055,>=21,TRUE,72.04367736
5800,>=21,TRUE,68.05746526
6342,>=21,TRUE,70.94206075
4348,>=21,TRUE,72.57349774
4953,>=21,TRUE,68.28593373
5382,>=21,TRUE,69.7340746
2912,>=21,TRUE,73.26344107
4438,<21,FALSE,63.90368759
3902,<21,FALSE,57.28411459
7165,>=21,TRUE,72.64689443
5603,>=21,TRUE,67.55269485
6366,>=21,TRUE,68.36300754
7293,>=21,TRUE,67.41957357
7166,<21,TRUE,65.29879735
5694,<21,FALSE,71.41293389
3295,>=21,TRUE,68.3082496
3540,>=21,TRUE,68.78143225
6495,<21,TRUE,65.14590767
4587,>=21,TRUE,68.28383172
4810,>=21,TRUE,70.12610773
4074,<21,FALSE,67.69335416
4019,<21,FALSE,64.66730499
7965,>=21,TRUE,68.51569817
5049,<21,TRUE,63.53115699
5545,>=21,FALSE,68.44978078
3193,<21,FALSE,57.67932724
6482,<21,FALSE,67.26803744
4601,<21,FALSE,63.25401901
3141,>=21,TRUE,66.53517703
2402,<21,FALSE,69.30947365
7071,<21,TRUE,65.21010915
6771,>=21,TRUE,67.82534489
3242,<21,FALSE,67.08790426
7167,>=21,TRUE,66.77894897
7800,>=21,TRUE,71.38408576
6023,<21,FALSE,64.41034067
4155,>=21,TRUE,67.79230691
5162,>=21,TRUE,66.88364296
6876,<21,TRUE,63.92786463
2311,<21,FALSE,62.04652702
6117,>=21,TRUE,72.39611952
6670,>=21,TRUE,72.19109612
3936,<21,FALSE,62.47914768
5405,>=21,TRUE,64.88522792
6644,<21,FALSE,71.54954762
7144,>=21,TRUE,67.96454022
6355,<21,FALSE,60.05825413
7577,>=21,TRUE,71.15432998
7326,<21,FALSE,64.69678398
7195,>=21,TRUE,68.42724632
1952,<21,TRUE,63.86362564
6448,<21,TRUE,65.43535143
2379,<21,TRUE,64.72746074
3167,<21,FALSE,67.60734478
3487,>=21,TRUE,71.17300613
3543,<21,FALSE,69.88285029
5322,>=21,TRUE,71.66994769
6718,<21,FALSE,64.83985619
4163,<21,FALSE,64.5811136
6141,>=21,TRUE,71.66817554
4628,<21,FALSE,66.65312182
3270,>=21,TRUE,66.57375937
4164,<21,FALSE,68.85498874
4352,>=21,TRUE,64.70027292
6286,>=21,TRUE,71.74986173
7255,>=21,TRUE,67.95191086
2829,>=21,TRUE,66.1462558
3971,<21,FALSE,61.891849
2713,>=21,FALSE,72.38968609
3816,>=21,FALSE,69.80866727
4490,>=21,TRUE,70.79840133
7252,>=21,TRUE,69.7210276
6549,<21,FALSE,64.14020869
1908,<21,FALSE,68.83500179
6952,>=21,TRUE,68.82076537
2670,>=21,FALSE,67.85906184
8088,>=21,TRUE,68.37492864
5023,>=21,TRUE,66.21556865
5190,>=21,TRUE,70.45076188
7487,>=21,TRUE,70.6937963
6027,>=21,TRUE,68.25617965
1898,>=21,TRUE,69.66601961
2107,>=21,TRUE,66.47650683
4147,>=21,TRUE,67.1360466
5012,>=21,TRUE,68.96636775
7145,>=21,TRUE,72.86070884
3580,<21,FALSE,67.63839436
2304,<21,TRUE,66.06367911
7336,>=21,TRUE,68.83287971
2824,>=21,TRUE,68.82339218
4897,>=21,FALSE,71.23488244
7379,>=21,TRUE,72.32613163
6915,<21,FALSE,62.83402187
7364,<21,FALSE,65.04311678
3873,<21,FALSE,65.35622279
6551,>=21,TRUE,69.31259698
7826,<21,FALSE,66.56218709
5306,>=21,TRUE,65.66108638
4539,<21,FALSE,66.23553841
6230,<21,FALSE,64.09400722
2220,>=21,TRUE,72.65546461
3101,>=21,TRUE,66.91015392
4886,<21,FALSE,66.51433429
2585,<21,FALSE,64.44588886
3765,<21,FALSE,68.37182545
3667,>=21,TRUE,71.59637202
4026,>=21,TRUE,69.05169568
6873,>=21,TRUE,67.25122372
4421,<21,TRUE,64.03264933
6059,<21,FALSE,68.7191564
4614,>=21,TRUE,68.0261729
5462,>=21,TRUE,69.38362488
4061,>=21,FALSE,72.33468249
4514,<21,TRUE,63.73687679
3920,<21,FALSE,65.49633974
7861,>=21,TRUE,66.86967233
6568,<21,FALSE,64.52133905
1855,>=21,TRUE,68.32930707
6866,>=21,TRUE,66.89894613
4089,<21,FALSE,65.46101834
5701,>=21,TRUE,69.60654884
4332,>=21,TRUE,68.02518047
4286,<21,FALSE,63.67741712
5028,<21,FALSE,66.01411431
5421,>=21,TRUE,67.0021661
2198,<21,FALSE,66.21058352
3018,<21,TRUE,64.11486845
6476,<21,FALSE,63.0151714
5847,>=21,FALSE,74.85119983
6992,>=21,TRUE,67.03708696
3718,>=21,TRUE,69.06823278
2696,>=21,TRUE,69.75009081
7411,<21,FALSE,57.03066038
7572,<21,FALSE,67.71071071
5177,>=21,TRUE,67.75183133
3063,>=21,TRUE,68.80013772
2794,<21,TRUE,64.81101418
3798,>=21,TRUE,68.03179904
6015,>=21,TRUE,68.09269798
2844,<21,FALSE,64.90711883
5637,<21,FALSE,59.31554405
5018,>=21,TRUE,69.03634846
2722,<21,FALSE,67.81722924
3404,<21,FALSE,67.29359622
2274,>=21,TRUE,70.63589189
3748,>=21,TRUE,67.71754939
8041,<21,FALSE,70.69555574
6151,<21,TRUE,63.06992464
5865,>=21,TRUE,66.55685032
4927,>=21,TRUE,69.41021401
4753,>=21,TRUE,69.4073649
4383,>=21,FALSE,67.96016105
7818,<21,FALSE,69.99478186
7287,>=21,TRUE,69.73456843
5058,<21,FALSE,67.19379917
5070,>=21,TRUE,73.15267676
4053,>=21,TRUE,65.28580924
6810,<21,FALSE,72.0824641
6578,>=21,TRUE,71.64380005
8128,>=21,TRUE,70.2814244
4129,<21,FALSE,64.7160119
5580,<21,FALSE,67.08889261
3321,>=21,TRUE,68.8933168
6132,<21,TRUE,62.99798688
5105,<21,FALSE,67.777394
2139,>=21,FALSE,68.62225787
4630,<21,FALSE,63.57100088
2358,>=21,FALSE,72.12986094
6291,>=21,TRUE,64.6477672
7894,<21,FALSE,64.63388577
8086,>=21,TRUE,66.25531437
2826,<21,FALSE,62.65446908
1978,>=21,TRUE,68.26567197
6029,>=21,TRUE,68.34618202
3925,>=21,TRUE,68.26149443
7945,<21,FALSE,68.54957153
6093,<21,TRUE,63.45548822
5360,<21,FALSE,68.33971094
7001,<21,FALSE,65.80893047
2932,>=21,TRUE,68.74532595
4043,<21,FALSE,65.08798463
4667,<21,FALSE,68.08878615
6794,>=21,TRUE,67.16241423
6763,>=21,FALSE,74.76530954
4923,<21,TRUE,64.13697169
5390,<21,FALSE,70.78616017
4515,<21,FALSE,64.54258529
5726,>=21,FALSE,70.93137263
3708,<21,FALSE,66.32289574
6646,>=21,FALSE,73.79575327
2867,<21,FALSE,67.87690548
8162,>=21,TRUE,74.09176993
7299,<21,FALSE,69.97566945
6365,>=21,TRUE,66.13179632
5563,>=21,TRUE,65.56095697
7301,<21,FALSE,69.568177
7006,>=21,TRUE,69.14457508
7777,>=21,TRUE,69.1812401
4805,<21,FALSE,68.67578477
7122,>=21,TRUE,69.7480947
2439,>=21,TRUE,69.04126932
2276,>=21,TRUE,70.73037067
7838,>=21,TRUE,69.03466507
5950,>=21,TRUE,72.54824589
5353,>=21,TRUE,64.81792761
7485,>=21,TRUE,66.9284794
4644,<21,FALSE,72.2105614
5660,<21,TRUE,63.37888057
6583,>=21,FALSE,69.28659225
5097,>=21,TRUE,72.50351405
6070,<21,TRUE,65.03481368
6449,<21,FALSE,61.02090304
1951,>=21,TRUE,70.08084975
5913,>=21,TRUE,68.72399039
4028,<21,FALSE,63.38251487
5085,<21,FALSE,67.73449586
5378,<21,FALSE,69.19049013
2372,>=21,TRUE,65.43272388
7346,<21,TRUE,64.4349342
5869,>=21,TRUE,69.55321558
3995,>=21,TRUE,68.34511099
3090,<21,FALSE,64.006296
5739,<21,FALSE,68.88714872
5102,>=21,FALSE,70.1771151
4716,<21,TRUE,63.64145533
4896,>=21,TRUE,70.63974858
4613,>=21,FALSE,68.87945619
4225,<21,FALSE,69.34535194
7193,>=21,TRUE,71.50362014
2556,>=21,FALSE,73.97288774
3301,>=21,TRUE,70.14181138
6939,<21,FALSE,60.35846016
3561,>=21,TRUE,69.87421895
3245,>=21,TRUE,67.83833538
7681,<21,FALSE,62.62255944
5537,>=21,FALSE,71.26937636
2148,>=21,TRUE,68.00187848
3254,>=21,TRUE,69.32276414
4434,<21,TRUE,63.93805586
5598,<21,FALSE,67.76811194
6752,<21,FALSE,71.97976377
7598,>=21,TRUE,69.69603659
2112,<21,FALSE,63.93851793
5289,>=21,FALSE,69.2557275
4649,>=21,TRUE,71.25903489
6588,<21,TRUE,64.35397866
3398,>=21,TRUE,68.24687205
5100,>=21,TRUE,66.43645023
5892,<21,FALSE,61.76281299
6808,<21,FALSE,68.97131103
8188,>=21,TRUE,66.44265335
5677,>=21,TRUE,69.02941334
8110,<21,TRUE,63.92905621
6168,>=21,TRUE,70.01811852
6840,>=21,TRUE,67.74104937
5781,>=21,TRUE,68.03646048
8066,>=21,TRUE,69.49286167
2510,>=21,TRUE,66.87390717
2725,<21,FALSE,65.76401753
5250,>=21,TRUE,66.99362007
2900,>=21,TRUE,70.75905985
6004,>=21,TRUE,73.33190572
3806,<21,FALSE,65.97323523
6638,>=21,FALSE,74.03621892
2488,<21,FALSE,64.25147534
6175,<21,FALSE,66.81411245
7218,>=21,FALSE,70.65815521
2968,<21,FALSE,64.94353549
2041,<21,TRUE,64.34738553
5229,<21,FALSE,63.47421506
3664,<21,TRUE,64.75052037
7249,>=21,TRUE,69.69401258
5818,<21,FALSE,61.8765497
3309,<21,FALSE,62.36152768
3863,>=21,TRUE,68.96173493
5318,<21,FALSE,69.49850866
2691,<21,FALSE,60.63314602
3559,<21,TRUE,64.29906498
2566,<21,FALSE,70.79004703
4737,>=21,TRUE,68.97319213
4583,<21,FALSE,62.49874822
5088,>=21,TRUE,66.38025751
7737,<21,TRUE,66.19037973
3059,>=21,TRUE,66.54296705
8161,>=21,FALSE,67.17314016
7742,<21,FALSE,62.31693773
6239,<21,FALSE,66.40882272
4710,<21,FALSE,67.18153622
7263,<21,FALSE,71.62342211
6922,>=21,TRUE,70.13771195
6839,<21,FALSE,63.57587417
6074,<21,FALSE,67.79805479
4770,<21,TRUE,64.9819559
5644,<21,FALSE,57.41485276
5704,<21,FALSE,65.30800296
2976,>=21,TRUE,68.36204008
7463,>=21,TRUE,70.30407827
2939,<21,FALSE,65.0209603
3516,<21,FALSE,68.13650783
5655,>=21,TRUE,67.34370559
5883,>=21,TRUE,68.97532974
2509,>=21,TRUE,66.85354118
7303,>=21,TRUE,70.0765432
3981,>=21,TRUE,71.82678496
7150,>=21,TRUE,68.63940136
4133,<21,TRUE,64.01465907
1936,<21,FALSE,62.66905818
4602,<21,FALSE,72.22372553
2173,>=21,TRUE,68.68020483
2861,>=21,TRUE,71.31401555
3181,<21,TRUE,64.32566246
5059,<21,FALSE,64.15906718
4465,>=21,TRUE,67.37479372
4358,<21,FALSE,66.40602499
4054,>=21,TRUE,66.76144271
6188,<21,FALSE,64.1281714
4136,>=21,TRUE,66.63891003
6126,<21,FALSE,63.96399839
5722,<21,FALSE,64.2349369
6097,>=21,TRUE,75.03071311
7369,<21,FALSE,66.84292934
7283,<21,FALSE,69.11723576
2764,<21,TRUE,64.75636894
2443,<21,FALSE,62.69350195
3282,>=21,TRUE,66.45119169
3750,>=21,TRUE,72.66282245
2324,>=21,FALSE,69.27224979
5542,>=21,TRUE,70.05135459
5035,<21,FALSE,60.36785508
2575,>=21,TRUE,68.22237916
4725,>=21,TRUE,67.71108253
4626,<21,FALSE,67.03095111
3122,>=21,TRUE,71.47420266
8042,>=21,TRUE,67.90813924
5856,>=21,TRUE,66.46322091
7536,<21,FALSE,67.950933
7829,<21,FALSE,62.55006753
7810,>=21,TRUE,66.74496982
3044,<21,TRUE,63.49190147
5163,<21,FALSE,62.73520461
2876,<21,FALSE,69.86407303
6753,>=21,TRUE,72.41778354
6680,>=21,TRUE,69.48385263
2159,>=21,TRUE,67.46788948
4629,<21,FALSE,66.18529101
3793,<21,TRUE,63.67440574
7132,>=21,TRUE,65.8444261
3139,<21,TRUE,63.22019513
1848,<21,FALSE,70.41904797
6643,<21,FALSE,59.93727404
5469,<21,FALSE,66.20965318
2137,>=21,TRUE,71.33870096
2739,<21,FALSE,69.18281344
3570,>=21,TRUE,66.68687768
4779,<21,FALSE,66.95152998
7978,>=21,TRUE,68.27784125
4400,<21,FALSE,69.86050851
5437,<21,TRUE,65.21256681
4296,<21,FALSE,63.67853634
4141,<21,FALSE,61.15418412
7510,>=21,TRUE,70.5579126
6773,<21,FALSE,61.25773335
7009,>=21,TRUE,70.16271904
3047,>=21,TRUE,67.45743984
3428,>=21,TRUE,69.75377939
3379,>=21,TRUE,68.74113181
5584,>=21,TRUE,66.48910249
5276,>=21,TRUE,68.77040231
6409,>=21,TRUE,70.06211756
7750,<21,FALSE,63.20439683
7703,<21,FALSE,69.37402999
2954,<21,FALSE,73.11020555
3661,>=21,FALSE,68.15839598
2645,<21,FALSE,69.15690668
5512,<21,FALSE,62.54557502
1897,>=21,TRUE,71.94614101
6473,<21,FALSE,69.17188372
4843,<21,FALSE,67.78208031
6909,>=21,TRUE,71.46760209
8154,<21,TRUE,65.21636297
2475,>=21,TRUE,66.25712855
2902,<21,FALSE,58.1925117
4759,<21,TRUE,64.27419013
7550,<21,FALSE,60.28238221
5282,<21,TRUE,62.86420772
5283,<21,FALSE,69.48223254
6401,<21,FALSE,67.34905155
2266,<21,FALSE,64.30568332
7575,>=21,TRUE,69.79664593
6951,<21,FALSE,66.21587497
6185,>=21,TRUE,68.20074598
3360,>=21,TRUE,70.00713594
6039,>=21,TRUE,67.47831723
1863,>=21,TRUE,63.45237701
4216,<21,FALSE,63.58211461
4962,<21,FALSE,60.41530664
5337,>=21,FALSE,72.48643729
5135,>=21,TRUE,70.07680299
2668,<21,FALSE,67.45906499
3124,>=21,TRUE,70.18073874
7176,>=21,TRUE,67.90410701
5529,>=21,TRUE,67.85741416
2514,>=21,TRUE,67.59693747
6377,<21,FALSE,62.60625716
4595,>=21,FALSE,71.84293087
6461,<21,TRUE,63.27799461
5821,<21,FALSE,65.80987339
2597,<21,FALSE,63.85728813
4213,>=21,TRUE,69.79515016
6658,<21,FALSE,68.30086238
6124,<21,FALSE,63.20148186
6112,>=21,TRUE,72.58518266
4341,>=21,TRUE,67.934317
7682,>=21,TRUE,72.46124078
6368,>=21,TRUE,70.61266521
4153,>=21,TRUE,68.43841266
6407,<21,FALSE,64.46639736
5010,<21,FALSE,65.88412521
5599,>=21,TRUE,70.46567885
3449,>=21,TRUE,70.85710937
6311,>=21,TRUE,69.05851321
7897,<21,FALSE,56.98931175
7695,>=21,TRUE,69.55990806
4239,>=21,TRUE,71.40784172
3096,>=21,TRUE,72.41614872
3747,>=21,TRUE,68.0702113
3828,<21,FALSE,71.30076594
4989,>=21,TRUE,69.27945245
5243,<21,FALSE,64.13542084
2293,>=21,TRUE,67.1975704
1996,>=21,TRUE,65.83509815
2673,<21,FALSE,64.97059277
2640,>=21,TRUE,67.95112212
3518,<21,FALSE,64.29263457
2790,>=21,TRUE,67.49194375
4435,>=21,TRUE,71.07595627
5397,>=21,TRUE,72.57502562
5573,<21,TRUE,62.63126063
7037,>=21,TRUE,72.59399825
3129,>=21,TRUE,68.62581
2701,>=21,TRUE,74.17849583
4724,<21,FALSE,62.92353239
3905,<21,FALSE,65.25764374
3128,>=21,TRUE,68.89944689
4958,>=21,TRUE,67.87091227
2571,>=21,TRUE,68.73668644
5624,<21,FALSE,68.58613151
4272,<21,FALSE,66.54521008
7715,>=21,TRUE,68.69734922
6649,<21,TRUE,64.26018829
4325,>=21,TRUE,69.91194221
1967,<21,FALSE,68.16386127
3329,>=21,TRUE,64.58454573
5727,>=21,TRUE,67.136535
4034,>=21,TRUE,70.5304459
1980,<21,FALSE,65.35291422
6162,>=21,TRUE,68.3055765
2314,<21,FALSE,67.87355969
2678,<21,FALSE,66.96674097
2766,>=21,TRUE,69.89903245
4248,>=21,TRUE,69.59440044
6933,>=21,TRUE,69.37021368
2875,>=21,TRUE,71.36912025
8002,<21,FALSE,72.40365086
7644,>=21,TRUE,71.17083646
3396,>=21,FALSE,73.29327506
4549,>=21,TRUE,68.94924195
2452,<21,FALSE,65.51176438
2046,>=21,TRUE,72.39469856
5323,>=21,TRUE,67.34577109
7499,>=21,TRUE,70.68644918
5419,<21,TRUE,62.55918529
8186,<21,FALSE,64.31144848
3703,<21,FALSE,64.32853086
2700,<21,FALSE,69.41040707
4900,<21,FALSE,65.58504826
7435,>=21,TRUE,72.5070808
2758,<21,FALSE,62.85650392
2468,<21,FALSE,64.96299644
6287,>=21,FALSE,70.55067686
6720,<21,FALSE,66.01655494
6271,<21,FALSE,65.28038389
6637,>=21,TRUE,65.22730367
3922,>=21,FALSE,68.85342018
3701,<21,FALSE,56.76466466
6811,>=21,TRUE,68.59211994
3588,>=21,TRUE,71.9645671
3601,<21,FALSE,70.38015054
4688,<21,TRUE,63.87607089
7625,>=21,FALSE,69.59397802
5987,<21,TRUE,65.11255447
3286,>=21,TRUE,70.43626802
4177,>=21,TRUE,69.70688754
6867,>=21,TRUE,69.2550655
3945,>=21,TRUE,65.57989547
5403,>=21,TRUE,72.03657763
1914,>=21,TRUE,68.00936141
6252,<21,FALSE,62.93706049
4429,<21,FALSE,67.47794699
6928,>=21,TRUE,69.27263715
3716,<21,TRUE,65.44948819
4101,>=21,TRUE,68.32304817
7502,<21,FALSE,68.88922316
8029,>=21,TRUE,71.0532129
3459,>=21,TRUE,68.20112132
5693,<21,FALSE,66.75955117
6814,>=21,TRUE,68.30892876
6900,<21,TRUE,65.50504545
7008,<21,FALSE,63.59700592
4235,<21,TRUE,65.02227552
2253,>=21,TRUE,74.2429652
6886,>=21,TRUE,66.93966246
5820,>=21,TRUE,71.08187949
5837,>=21,TRUE,71.65596898
3854,<21,TRUE,63.10051473
7960,<21,TRUE,63.15077051
5779,<21,TRUE,65.02768455
3510,<21,TRUE,62.85409386
3204,>=21,TRUE,62.30882806
7437,>=21,TRUE,67.64340302
4445,>=21,TRUE,66.14491034
7471,>=21,TRUE,69.3874361
4906,>=21,TRUE,70.11268929
7507,<21,FALSE,60.70805801
4803,>=21,TRUE,71.70597561
6830,<21,FALSE,67.09375786
5108,<21,FALSE,69.60912006
2129,<21,TRUE,62.19989478
2190,>=21,TRUE,68.87180965
3918,>=21,TRUE,67.90080815
2298,>=21,TRUE,67.47589791
7462,<21,FALSE,66.90023719
6005,<21,FALSE,64.9933477
2823,>=21,TRUE,67.522245
3676,>=21,TRUE,69.78583262
3714,>=21,TRUE,70.34774965
8043,<21,TRUE,64.03112911
4656,>=21,TRUE,71.24894093
2773,<21,FALSE,63.19828984
6331,>=21,TRUE,67.35466751
4305,>=21,TRUE,68.35539162
3812,<21,FALSE,60.44011887
2123,<21,TRUE,63.53127175
7983,<21,FALSE,66.41886284
6149,<21,FALSE,59.91907852
3442,>=21,TRUE,69.77891397
4231,<21,FALSE,65.47125698
5106,<21,FALSE,62.81527371
7520,>=21,TRUE,68.7319774
6949,<21,FALSE,68.63998597
5630,>=21,TRUE,70.58941933
5938,>=21,TRUE,71.01084434
3626,<21,FALSE,65.01740841
6281,<21,FALSE,66.09621567
3975,>=21,TRUE,71.54094088
6510,>=21,TRUE,72.40761895
3322,<21,TRUE,64.68212214
4969,<21,FALSE,62.10630264
6944,>=21,TRUE,66.1672257
8155,<21,FALSE,65.86845502
4967,>=21,TRUE,67.6206916
6804,>=21,TRUE,70.21760069
7939,<21,TRUE,64.59116323
5486,>=21,TRUE,65.86423763
7808,<21,FALSE,67.34475009
5171,<21,FALSE,63.89485913
3055,<21,FALSE,68.57682982
5884,>=21,TRUE,68.76595691
7642,<21,FALSE,60.94073922
7802,>=21,TRUE,66.58850453
6505,<21,FALSE,66.38719823
3663,<21,FALSE,67.62568289
5292,<21,FALSE,61.89501448
6564,>=21,TRUE,67.73955032
5173,<21,FALSE,62.88044076
4687,>=21,TRUE,67.96289349
2270,>=21,TRUE,69.22362954
5684,>=21,TRUE,67.95019571
2410,<21,TRUE,63.62301955
6456,>=21,TRUE,66.56894481
4898,>=21,TRUE,65.8514163
5275,>=21,TRUE,69.7639442
3719,>=21,TRUE,70.46166553
2331,<21,FALSE,67.6138287
6220,>=21,TRUE,72.86553987
2034,<21,FALSE,69.10992508
3265,<21,FALSE,61.63365536
2295,<21,TRUE,64.58676054
3507,<21,TRUE,65.40774272
8153,<21,FALSE,61.15902484
5620,<21,FALSE,68.59516485
7357,>=21,TRUE,67.70271241
4870,<21,FALSE,66.30215455
3005,>=21,TRUE,73.82984109
4987,>=21,TRUE,67.58258902
2349,>=21,TRUE,70.56123121
2111,<21,FALSE,66.44409414
6123,>=21,TRUE,66.33778699
5426,>=21,TRUE,67.82512275
7786,<21,FALSE,67.90800398
6861,<21,FALSE,65.0991887
2118,<21,FALSE,65.33229779
6087,>=21,TRUE,66.94109521
4098,>=21,TRUE,69.67961221
5551,<21,TRUE,64.09836131
6439,<21,FALSE,63.34875672
7870,>=21,TRUE,70.84713649
7177,>=21,TRUE,71.19564717
3366,<21,FALSE,64.72222582
7048,>=21,TRUE,66.29208789
2133,>=21,TRUE,66.39706523
5264,>=21,TRUE,65.02279265
5205,>=21,TRUE,71.60536711
4298,>=21,FALSE,71.54858063
2370,>=21,TRUE,70.48492295
8030,<21,FALSE,67.28691807
5903,>=21,TRUE,66.98218741
4338,>=21,TRUE,71.03365874
6604,<21,TRUE,66.80285094
2001,>=21,TRUE,70.0606866
5095,<21,FALSE,66.7978845
7626,<21,FALSE,68.31641813
3875,<21,FALSE,64.66561633
6797,>=21,TRUE,70.56081511
7308,>=21,TRUE,67.24695228
7534,<21,FALSE,65.21413129
7982,<21,TRUE,64.36790575
6072,>=21,TRUE,69.400444
2567,<21,TRUE,66.13908597
8044,<21,FALSE,66.83937211
5697,<21,TRUE,63.00440908
6705,>=21,TRUE,70.65670046
7104,<21,FALSE,66.73485199
7701,>=21,TRUE,69.41283607
2361,<21,FALSE,67.103487
5407,>=21,TRUE,67.64211159
6762,<21,FALSE,63.53291829
6877,<21,FALSE,65.14516504
7306,>=21,TRUE,73.43983583
7932,<21,TRUE,63.79060892
6107,>=21,TRUE,69.08868808
6382,>=21,TRUE,68.35699746
3267,<21,FALSE,62.46710872
4300,<21,FALSE,68.30008616
2502,<21,FALSE,69.33909864
3424,>=21,TRUE,69.26712498
3447,<21,FALSE,66.83232926
2378,>=21,TRUE,69.93860358
6533,<21,FALSE,66.73351209
3198,<21,TRUE,64.377217
4112,>=21,TRUE,69.03258934
4121,>=21,TRUE,71.86621709
7615,>=21,TRUE,69.79807304
5850,<21,FALSE,70.51157883
3258,>=21,TRUE,68.10895565
7574,>=21,TRUE,67.53705098
7484,>=21,TRUE,70.67157368
7958,>=21,TRUE,65.59579869
2770,>=21,TRUE,65.98962222
7552,>=21,TRUE,68.46923198
6513,>=21,TRUE,69.57785455
1886,>=21,TRUE,66.16000259
2067,>=21,TRUE,73.15713908
3104,<21,FALSE,60.06126064
8127,>=21,TRUE,72.30347362
3830,<21,FALSE,64.47952697
3643,<21,FALSE,75.27270722
4402,<21,FALSE,64.13835688
4375,>=21,TRUE,66.14084968
6113,>=21,TRUE,70.32550531
6017,>=21,TRUE,67.61906416
8026,<21,TRUE,63.89110247
4436,>=21,TRUE,68.71968893
7919,>=21,TRUE,67.67832604
5780,>=21,TRUE,65.71066802
7911,<21,FALSE,69.60228121
2345,<21,FALSE,67.18169294
5074,>=21,TRUE,69.19728075
7646,<21,FALSE,66.53087358
6854,<21,FALSE,66.14825948
5213,<21,TRUE,64.90766095
4360,<21,FALSE,64.26645952
5937,<21,FALSE,62.8274674
4047,<21,FALSE,64.81505928
2947,>=21,TRUE,68.2255631
5513,<21,TRUE,65.06977261
3074,<21,TRUE,63.65926334
3632,>=21,TRUE,69.00749757
2605,<21,FALSE,63.20624473
7138,>=21,TRUE,70.73585665
4704,>=21,TRUE,67.73703678
4483,<21,FALSE,65.6535901
5887,>=21,TRUE,70.73933139
2518,>=21,TRUE,68.38332807
5996,<21,FALSE,65.13832649
8144,>=21,TRUE,68.80194722
3077,>=21,TRUE,69.52214022
2545,<21,FALSE,63.81832695
1963,>=21,TRUE,68.47691814
4313,<21,FALSE,72.15793989
3940,>=21,TRUE,74.255749
7948,>=21,TRUE,71.72001351
2149,<21,FALSE,67.55642379
7869,<21,FALSE,69.72464962
7416,<21,FALSE,67.19267458
5888,>=21,FALSE,72.27667068
7541,>=21,TRUE,67.83039008
7819,>=21,TRUE,71.36583358
6501,<21,FALSE,65.76845994
7928,>=21,TRUE,69.98538901
4801,<21,FALSE,65.74579892
2675,<21,FALSE,65.46285412
4543,<21,TRUE,63.94730181
3599,>=21,FALSE,72.66904263
4864,<21,TRUE,64.10831273
4694,<21,FALSE,62.63425712
2572,>=21,TRUE,70.22992287
7888,>=21,TRUE,68.60892179
2950,<21,FALSE,70.42187328
6215,>=21,TRUE,70.18850784
5859,>=21,TRUE,71.43633239
8070,<21,TRUE,64.43876109
6669,<21,FALSE,67.5870286
3145,<21,FALSE,67.7871231
3000,<21,FALSE,69.46427943
6309,>=21,TRUE,69.50953221
2506,<21,FALSE,66.43802621
3445,<21,FALSE,62.70361038
6976,<21,FALSE,66.57668728
6081,<21,FALSE,65.39614654
3248,>=21,TRUE,69.16514999
5742,<21,FALSE,65.48317693
8092,<21,FALSE,65.92730724
4109,<21,FALSE,64.90920066
3856,>=21,FALSE,71.48032457
4244,>=21,TRUE,68.89689901
4760,<21,FALSE,63.53620125
3578,>=21,TRUE,68.41047191
3088,>=21,TRUE,69.71503363
3923,<21,TRUE,62.9838575
2813,<21,FALSE,66.35314156
2870,<21,FALSE,70.36984441
2134,>=21,TRUE,70.98717498
6064,<21,FALSE,63.64519598
6868,<21,TRUE,63.39916893
7586,<21,FALSE,69.32011456
7506,<21,FALSE,64.58893206
4257,>=21,TRUE,72.16297661
6511,>=21,TRUE,71.02847526
7652,<21,FALSE,68.62119243
7156,>=21,TRUE,67.39447286
6050,>=21,TRUE,70.00612795
7139,>=21,TRUE,71.56305169
7305,<21,FALSE,66.3944106
5872,>=21,TRUE,69.57721247
7954,>=21,TRUE,73.69591394
5530,>=21,TRUE,67.08855007
5475,<21,FALSE,65.21881514
5165,>=21,TRUE,73.32722043
3636,<21,FALSE,73.6628101
7121,<21,FALSE,71.91170017
5316,>=21,TRUE,68.41389635
3692,>=21,TRUE,67.54089379
7595,<21,TRUE,63.24913048
7814,<21,FALSE,66.65218095
5673,>=21,TRUE,73.31103078
4199,>=21,TRUE,72.10855164
2412,>=21,TRUE,69.43823809
4707,>=21,TRUE,69.08019412
3123,>=21,FALSE,74.01561018
4183,>=21,TRUE,64.26063254
1871,<21,FALSE,73.51368668
4067,>=21,TRUE,71.71800858
8061,>=21,TRUE,72.15148277
2889,>=21,TRUE,67.38042374
3715,>=21,TRUE,69.21521559
4605,<21,FALSE,63.6150994
5011,<21,FALSE,68.11303338
5525,<21,FALSE,65.39236613
2341,>=21,TRUE,69.38675413
3176,>=21,TRUE,69.39360499
5812,>=21,TRUE,70.41355178
6430,<21,FALSE,62.94638513
3973,>=21,TRUE,67.4858104
6554,<21,FALSE,64.97595806
5719,<21,FALSE,66.82677949
6627,>=21,TRUE,69.61725128
5606,<21,TRUE,63.01477623
2551,>=21,TRUE,69.07040926
7708,>=21,TRUE,65.96000389
6459,<21,TRUE,64.00479123
7285,>=21,TRUE,70.00580625
2855,<21,FALSE,63.64424837
2527,>=21,TRUE,70.72369203
6562,>=21,TRUE,64.69109518
3194,<21,FALSE,67.32280383
4385,>=21,TRUE,68.2336774
3896,>=21,TRUE,69.6535821
7231,>=21,TRUE,72.15019843
7453,>=21,TRUE,70.4217597
7752,>=21,FALSE,68.93461675
4701,>=21,TRUE,69.72840844
7638,<21,FALSE,66.00301471
6414,<21,FALSE,62.67099157
3573,<21,TRUE,65.71900728
7402,<21,FALSE,69.88935798
1957,>=21,TRUE,68.52070863
3468,<21,FALSE,69.60951494
2525,<21,FALSE,64.12580286
3472,>=21,TRUE,69.74140418
3479,>=21,TRUE,69.30624622
4581,<21,FALSE,67.85360098
7441,<21,FALSE,66.65956119
6245,>=21,FALSE,70.89912852
6320,>=21,TRUE,68.38276193
5864,>=21,TRUE,69.76092281
7224,<21,FALSE,63.11168173
2273,<21,FALSE,68.58060323
4662,<21,TRUE,64.50834168
3885,>=21,TRUE,70.37781404
5478,>=21,TRUE,70.36227783
4137,>=21,TRUE,67.73767807
3512,>=21,TRUE,68.64450055
7527,<21,FALSE,66.81388924
4146,>=21,TRUE,70.10429301
7765,>=21,TRUE,66.72780406
2918,<21,FALSE,65.16859933
4408,>=21,TRUE,66.97587945
5417,>=21,TRUE,68.8995644
7934,<21,FALSE,64.37749594
5132,>=21,FALSE,71.43473596
4430,>=21,TRUE,70.77351065
5129,<21,FALSE,66.38859521
5471,>=21,FALSE,67.44829067
4448,<21,FALSE,56.66216365
8200,<21,TRUE,64.98669885
3310,>=21,TRUE,70.05377747
6282,>=21,FALSE,72.26328771
7565,<21,FALSE,68.90765933
8185,>=21,TRUE,71.19438567
3897,>=21,TRUE,66.53972933
3655,<21,FALSE,64.45473596
7539,>=21,TRUE,69.47831656
3796,>=21,TRUE,66.69055499
3553,>=21,FALSE,67.12749191
7207,<21,FALSE,63.40310169
3377,<21,FALSE,65.22461903
3786,<21,FALSE,66.84605367
7722,<21,FALSE,64.09130234
8163,>=21,TRUE,69.03916359
4355,<21,TRUE,64.43452996
7107,>=21,TRUE,70.64766207
2925,<21,FALSE,67.53335929
2625,>=21,TRUE,67.4735261
5652,>=21,TRUE,71.23040984
2310,<21,FALSE,65.28964386
5009,>=21,TRUE,72.1188076
5101,<21,FALSE,64.69419127
5192,<21,FALSE,62.3374706
2083,<21,FALSE,64.54674312
4363,<21,TRUE,62.90751284
5844,>=21,TRUE,67.85445316
3173,>=21,TRUE,70.00490001
6207,>=21,TRUE,65.16823084
7920,>=21,TRUE,68.5771016
5674,>=21,TRUE,69.20765544
7631,<21,FALSE,64.22186141
6709,<21,TRUE,65.22144574
7072,>=21,TRUE,70.20981939
5331,>=21,TRUE,70.94849518
6894,>=21,TRUE,71.16684786
5657,>=21,TRUE,67.75465958
2207,>=21,TRUE,67.8586993
7187,<21,FALSE,65.58579472
3782,>=21,TRUE,69.84154731
5209,>=21,TRUE,67.16397733
4657,>=21,TRUE,70.50094349
3244,>=21,TRUE,69.82427122
5267,<21,FALSE,60.21427704
6425,>=21,TRUE,69.46448437
1894,>=21,TRUE,72.45497001
2595,>=21,TRUE,69.21699032
3869,>=21,TRUE,68.72674724
6832,<21,FALSE,70.79016597
7607,>=21,TRUE,67.15888724
7853,>=21,TRUE,69.39363901
5087,<21,FALSE,62.6121838
2315,<21,FALSE,65.75503778
6258,<21,FALSE,62.02491947
2978,>=21,TRUE,71.35515861
7417,<21,FALSE,65.81052844
5410,>=21,TRUE,62.85136885
3142,>=21,FALSE,73.52308526
3200,<21,FALSE,62.98193467
4158,>=21,FALSE,67.98461403
4622,>=21,TRUE,71.79834932
2579,>=21,TRUE,67.66098781
3669,<21,FALSE,65.53982501
8085,<21,FALSE,59.94222414
6666,<21,TRUE,63.03932491
3998,<21,FALSE,65.49381788
4333,<21,FALSE,62.16025159
2649,>=21,TRUE,65.45613573
3300,>=21,TRUE,69.708309
2131,<21,FALSE,65.08788367
4745,<21,FALSE,65.13384609
4739,<21,FALSE,66.06787957
3825,<21,FALSE,62.46994447
2043,<21,TRUE,63.23318584
5698,<21,FALSE,67.79912838
3325,<21,TRUE,63.59672491
1899,>=21,TRUE,67.83278164
2919,>=21,TRUE,70.84124573
6971,>=21,TRUE,70.20371195
2052,>=21,TRUE,68.88554838
8001,<21,FALSE,66.53420869
6652,>=21,TRUE,68.17041258
3222,<21,FALSE,63.07900324
2791,>=21,TRUE,69.57843807
4700,<21,FALSE,67.03186943
3001,>=21,TRUE,70.70631302
7482,<21,FALSE,65.59603577
4932,>=21,TRUE,67.36568907
5535,>=21,TRUE,66.93017694
7313,>=21,TRUE,68.33551422
2752,>=21,TRUE,67.20736545
6321,>=21,TRUE,67.85718472
5520,<21,FALSE,62.79325323
4709,>=21,TRUE,71.76690959
2037,>=21,TRUE,74.1152886
4767,<21,TRUE,63.53227705
4076,<21,TRUE,65.14528584
6329,<21,FALSE,72.27828256
7455,>=21,TRUE,74.05143473
6730,>=21,FALSE,70.44568807
8145,<21,FALSE,62.95266638
5995,>=21,TRUE,68.63892262
6104,>=21,TRUE,66.56380735
6349,>=21,TRUE,69.50000953
6363,<21,TRUE,64.03727737
6056,<21,FALSE,66.78708796
3190,<21,FALSE,68.89998985
5383,>=21,TRUE,70.59416626
4695,<21,FALSE,65.42747751
8056,>=21,TRUE,69.03047454
3722,>=21,TRUE,69.44714429
4782,>=21,TRUE,69.63730672
5130,<21,FALSE,70.91895784
5394,>=21,TRUE,69.13857242
2633,>=21,TRUE,69.97477163
4784,>=21,TRUE,67.99077307
8115,<21,TRUE,63.82804286
6358,>=21,TRUE,66.56827792
2656,<21,FALSE,66.71251115
7779,<21,FALSE,65.87796032
2385,>=21,TRUE,69.4946844
7918,<21,TRUE,63.84332051
4018,<21,FALSE,68.06832571
2216,>=21,TRUE,70.39800531
8047,>=21,TRUE,69.13072059
4433,>=21,TRUE,71.93914104
5838,>=21,TRUE,69.35616982
4462,<21,FALSE,66.24437275
6707,<21,TRUE,63.24122808
7125,<21,FALSE,73.93957583
7755,>=21,TRUE,68.19410301
5816,>=21,TRUE,68.45991565
6759,<21,FALSE,67.77950801
7124,>=21,TRUE,70.77248811
5123,<21,FALSE,63.92241172
4461,>=21,TRUE,70.99672424
4042,<21,TRUE,64.7643219
7466,>=21,TRUE,69.38641128
2364,>=21,TRUE,64.26504276
7476,>=21,TRUE,70.19013451
6555,>=21,TRUE,66.18825769
3931,<21,FALSE,66.16736501
6012,>=21,TRUE,70.10813139
7277,<21,TRUE,64.00455332
8031,>=21,TRUE,68.71329518
2403,>=21,TRUE,67.00176041
6548,<21,TRUE,64.752246
8016,<21,TRUE,63.83947611
2281,<21,FALSE,64.50758248
4245,<21,FALSE,65.78671921
8039,>=21,TRUE,66.59605482
5111,>=21,TRUE,64.89659409
6248,<21,TRUE,63.49224382
4467,<21,TRUE,66.1587172
2775,>=21,TRUE,67.27883375
3852,<21,FALSE,64.86606116
6009,>=21,FALSE,73.38459515
5828,>=21,TRUE,71.95339765
5042,<21,FALSE,63.15036338
7846,>=21,TRUE,68.18686314
2847,>=21,TRUE,71.72370499
5640,>=21,TRUE,71.7364967
6592,>=21,TRUE,66.20109076
5531,>=21,FALSE,71.51754886
4282,<21,FALSE,65.6166164
7985,<21,FALSE,67.7318559
8136,>=21,TRUE,74.83069117
4576,<21,FALSE,66.46956629
8129,>=21,FALSE,70.28215108
7237,<21,TRUE,65.46930959
2255,>=21,TRUE,67.31080386
7760,<21,FALSE,65.5709045
6552,<21,FALSE,67.72954702
3266,>=21,TRUE,70.05867529
6843,>=21,TRUE,70.06157787
2524,<21,FALSE,65.15846365
5501,<21,FALSE,60.13176953
5349,<21,FALSE,62.19480586
6396,>=21,TRUE,69.64066557
6115,>=21,TRUE,69.72393265
6494,<21,FALSE,68.94853666
4742,>=21,TRUE,66.45551048
6603,>=21,TRUE,69.49927316
1927,>=21,TRUE,68.57815891
6075,>=21,TRUE,67.6485313
4538,<21,FALSE,67.08773809
3024,<21,FALSE,65.7837787
5476,>=21,TRUE,70.83743534
8126,<21,TRUE,62.22152976
3331,>=21,TRUE,65.63102145
6472,<21,FALSE,64.13020133
7010,>=21,TRUE,71.87440341
3960,<21,FALSE,64.88307158
5740,>=21,TRUE,65.61408754
4340,<21,TRUE,65.14800347
4104,>=21,TRUE,70.7588922
3087,>=21,TRUE,67.50701713
6463,<21,FALSE,71.59089467
3136,>=21,TRUE,70.35517437
5051,>=21,TRUE,71.63481934
7593,<21,FALSE,68.58489178
5991,<21,FALSE,66.41075
3361,<21,TRUE,64.40106918
7980,>=21,TRUE,65.63973916
7370,<21,FALSE,67.30498144
6392,<21,FALSE,62.88935917
5117,>=21,TRUE,67.95509089
2210,<21,TRUE,62.62076192
5615,>=21,TRUE,69.18954992
6880,>=21,TRUE,69.95560905
4449,>=21,TRUE,69.19355856
2740,<21,FALSE,60.64876985
2874,<21,TRUE,64.3571538
4373,>=21,TRUE,68.22642265
3400,<21,FALSE,61.48431608
2538,>=21,TRUE,68.9847092
2476,<21,FALSE,64.99468943
2598,<21,FALSE,67.07976549
6402,<21,FALSE,62.85620088
5183,<21,FALSE,63.57064507
2145,<21,FALSE,68.55842702
6145,>=21,TRUE,68.34460678
3031,<21,FALSE,66.18829032
8021,<21,FALSE,60.91363143
6517,<21,FALSE,66.46227832
2653,>=21,TRUE,68.47756958
6745,<21,FALSE,68.27194802
2045,>=21,TRUE,70.0329718
5458,<21,TRUE,64.67375212
6181,>=21,TRUE,72.71552346
2992,>=21,TRUE,68.5724758
4008,>=21,TRUE,69.31881551
6197,<21,FALSE,62.6406354
3070,<21,FALSE,65.66522886
2959,<21,FALSE,69.35837629
7749,>=21,TRUE,68.24914475
7250,>=21,TRUE,68.20392945
2318,>=21,TRUE,67.98915459
2541,>=21,TRUE,68.02272964
7995,<21,FALSE,67.56522079
2519,<21,FALSE,65.32241647
7347,>=21,TRUE,70.48679984
2456,>=21,TRUE,69.51493192
6585,>=21,FALSE,70.5416858
3186,>=21,TRUE,70.18951542
7444,<21,FALSE,68.06466874
6378,>=21,TRUE,69.64076787
8147,>=21,TRUE,65.747351
7675,>=21,TRUE,68.35949033
5647,>=21,TRUE,71.68965182
7692,<21,FALSE,66.16996885
7284,<21,FALSE,66.73574616
6675,>=21,FALSE,71.14763528
6067,>=21,TRUE,68.82513657
7854,<21,FALSE,71.23137307
7423,>=21,TRUE,66.47617804
4308,<21,FALSE,68.61237215
2642,>=21,FALSE,71.15941022
4119,<21,FALSE,65.702934
3926,>=21,TRUE,72.07096022
4916,<21,FALSE,69.27276983
5336,>=21,TRUE,72.71169493
6856,<21,FALSE,63.53747495
3966,>=21,TRUE,67.68071274
2807,>=21,TRUE,70.20854268
2851,>=21,TRUE,66.76473952
7295,<21,FALSE,65.38210388
5868,<21,FALSE,67.60539741
2615,<21,FALSE,62.53659157
3362,<21,FALSE,69.34041414
7656,<21,FALSE,63.97453311
5321,>=21,TRUE,70.13238096
4808,<21,TRUE,65.10243644
3721,>=21,TRUE,68.29531791
2892,>=21,TRUE,73.01554368
5438,>=21,TRUE,69.96272991
2088,<21,FALSE,60.6661366
4929,>=21,TRUE,70.14635389
7114,<21,FALSE,63.39657945
8081,<21,FALSE,67.57824705
5588,<21,FALSE,65.49516333
3695,>=21,TRUE,70.73254315
6410,<21,TRUE,65.8405505
2313,<21,FALSE,65.13816681
7778,>=21,TRUE,70.11952346
4866,<21,FALSE,63.72791297
5662,<21,FALSE,61.70547687
4128,>=21,TRUE,71.76005817
2744,>=21,TRUE,67.10503467
6164,<21,FALSE,57.85693051
2931,>=21,TRUE,69.78637715
3541,>=21,TRUE,71.46569568
2787,<21,FALSE,69.15097475
8131,<21,TRUE,63.6171034
3956,<21,FALSE,60.07488924
5418,>=21,TRUE,70.45856402
5296,>=21,TRUE,69.60890402
2362,>=21,TRUE,68.42912829
4560,<21,FALSE,69.88272907
4275,>=21,TRUE,69.05403821
3251,>=21,TRUE,70.18865719
6913,>=21,TRUE,66.21263333
7690,<21,FALSE,67.39796471
4096,<21,FALSE,63.13985365
7186,>=21,TRUE,69.99731432
6226,>=21,FALSE,70.94416308
7872,>=21,TRUE,69.17551426
3477,>=21,TRUE,66.32383884
2896,>=21,FALSE,70.36469806
3355,<21,FALSE,64.91692731
2863,>=21,TRUE,70.31587558
7648,>=21,TRUE,69.74508652
7194,>=21,TRUE,65.66908255
6453,<21,FALSE,63.57474602
6955,>=21,TRUE,71.14458136
5941,>=21,TRUE,68.88920106
4672,>=21,TRUE,69.39098612
3866,>=21,TRUE,68.97835577
2930,<21,FALSE,67.42466889
5425,<21,FALSE,68.02329693
4387,<21,FALSE,63.77410333
2800,>=21,TRUE,70.32453679
3345,<21,FALSE,63.22676502
2307,>=21,TRUE,67.03993507
7025,<21,FALSE,63.79989609
6507,>=21,TRUE,67.44177203
3964,>=21,TRUE,69.79095402
2245,<21,FALSE,67.79510197
4869,>=21,TRUE,69.51131126
6617,>=21,TRUE,69.49321695
4558,>=21,TRUE,71.08645368
3831,<21,TRUE,62.9027604
5020,>=21,TRUE,73.03079826
5814,<21,FALSE,68.03706063
5118,>=21,FALSE,71.69943039
3029,<21,FALSE,66.19811564
2176,<21,FALSE,63.98051788
2652,>=21,TRUE,70.37852228
5839,<21,FALSE,68.98367462
2171,>=21,TRUE,68.53489895
4494,<21,TRUE,64.51842227
2679,>=21,TRUE,69.17773235
2395,>=21,TRUE,66.4610962
4871,<21,FALSE,58.07978854
4939,>=21,TRUE,67.93651693
5272,>=21,TRUE,68.25505719
4881,>=21,TRUE,70.13877146
6269,<21,FALSE,67.91847089
7823,>=21,TRUE,69.67737288
7600,<21,FALSE,61.50157355
7653,>=21,TRUE,67.85551734
4187,<21,FALSE,67.13471919
4837,>=21,TRUE,66.42855567
5923,>=21,TRUE,69.1661536
7330,>=21,TRUE,66.65556561
5094,<21,TRUE,63.89838023
4530,<21,TRUE,63.41918106
4963,<21,FALSE,64.82938819
7054,<21,FALSE,64.48297976
2234,<21,FALSE,66.09179587
6035,>=21,TRUE,72.83190038
3249,>=21,TRUE,70.20151393
6391,<21,FALSE,67.16939474
7578,<21,TRUE,64.4021844
4728,<21,FALSE,69.71889376
6474,<21,FALSE,69.51722443
2185,>=21,TRUE,67.34598692
2871,<21,FALSE,60.51257233
4748,>=21,TRUE,69.81645454
6582,>=21,FALSE,70.25330394
2424,>=21,TRUE,69.82364298
4009,>=21,TRUE,71.36703313
5039,<21,FALSE,64.73532107
2138,<21,FALSE,63.44149995
4568,>=21,FALSE,73.11084162
6457,>=21,TRUE,64.73088099
5327,>=21,TRUE,68.46755394
2330,<21,FALSE,66.70226084
6255,<21,FALSE,63.65343334
5199,>=21,TRUE,66.7447036
3261,<21,FALSE,69.83265866
3163,>=21,TRUE,69.26992581
4048,<21,FALSE,61.17327713
2953,>=21,TRUE,72.00739015
7446,>=21,TRUE,68.59529955
4181,<21,FALSE,69.36304928
4443,<21,FALSE,60.00266475
8192,>=21,TRUE,70.11943167
7633,>=21,FALSE,72.42271753
2837,>=21,TRUE,68.295438
3563,>=21,TRUE,67.74383705
7744,>=21,TRUE,67.69618747
2177,<21,FALSE,65.24843563
5374,>=21,FALSE,71.30087379
6131,>=21,TRUE,68.3077134
7342,>=21,TRUE,69.17702239
7415,>=21,TRUE,68.70959448
6383,>=21,TRUE,65.64058042
8036,>=21,TRUE,67.97287908
3746,<21,FALSE,66.92065765
2643,>=21,TRUE,75.90600916
2113,<21,FALSE,63.85738198
6516,<21,FALSE,65.47783651
6247,<21,FALSE,66.10529204
7969,<21,FALSE,70.11481794
7591,>=21,TRUE,72.27641216
5997,>=21,FALSE,67.72754495
5399,>=21,TRUE,69.19234316
5432,<21,FALSE,64.4757156
4838,<21,FALSE,63.74984198
4792,<21,FALSE,65.18448827
7464,<21,TRUE,63.10661932
4451,<21,FALSE,68.71223358
6470,>=21,TRUE,67.23761884
2125,>=21,TRUE,67.86058287
5107,<21,FALSE,69.47351772
7930,>=21,TRUE,68.50231085
5222,>=21,TRUE,67.61730151
5298,<21,FALSE,68.39231038
2102,>=21,TRUE,73.39816809
4999,>=21,FALSE,71.99532135
6022,>=21,TRUE,69.1620024
4763,<21,FALSE,65.85611969
3188,<21,FALSE,73.26013464
6919,<21,FALSE,64.61297953
4276,>=21,TRUE,68.36117791
6199,<21,FALSE,59.55611849
2749,>=21,TRUE,68.97744894
3700,>=21,TRUE,66.98284427
5266,<21,FALSE,64.73063962
5259,>=21,TRUE,64.6870678
3687,>=21,TRUE,69.28454596
2958,>=21,FALSE,72.24574638
5970,>=21,TRUE,70.39834451
3414,<21,FALSE,65.18049687
1958,<21,FALSE,66.13895965
5517,<21,FALSE,63.17123633
2914,>=21,TRUE,66.8246375
2814,<21,FALSE,69.49503706
7459,<21,TRUE,63.31983779
7984,>=21,TRUE,70.08290533
5659,<21,FALSE,71.47022803
6330,<21,FALSE,65.02827596
1947,<21,FALSE,62.52098004
2019,>=21,TRUE,69.28601408
3405,>=21,TRUE,69.0153088
5901,<21,FALSE,69.77979341
5290,>=21,TRUE,68.26038275
4406,<21,FALSE,67.94555125
7325,>=21,TRUE,67.9890311
4309,<21,FALSE,67.13640871
2392,>=21,TRUE,64.7920118
2114,<21,FALSE,65.42547728
2264,>=21,TRUE,66.03717338
3517,>=21,TRUE,69.62121825
8084,>=21,TRUE,67.40854242
6809,<21,FALSE,65.2487711
4507,>=21,TRUE,68.28787028
4328,>=21,TRUE,70.57898876
6664,<21,FALSE,67.05823362
5990,<21,FALSE,62.94824064
5526,<21,FALSE,63.13315637
1930,>=21,FALSE,73.29837616
3094,>=21,TRUE,69.09723038
6209,>=21,TRUE,66.42928641
5402,>=21,TRUE,70.30226528
5332,>=21,TRUE,67.18492407
5642,>=21,FALSE,69.52168248
6464,>=21,TRUE,69.97991135
7628,<21,FALSE,73.8244855
3272,<21,FALSE,63.7063166
3821,>=21,TRUE,72.33196138
1922,>=21,TRUE,70.07608964
7427,>=21,FALSE,69.64184395
5295,>=21,TRUE,68.06253571
4719,<21,FALSE,62.95604562
4517,>=21,TRUE,71.87030804
4428,>=21,TRUE,69.01367104
8054,<21,FALSE,67.31103505
3216,<21,FALSE,65.26289578
6791,>=21,TRUE,67.73768289
7029,>=21,TRUE,72.15959488
2127,>=21,TRUE,71.54672589
3225,>=21,TRUE,71.01208974
5288,>=21,TRUE,65.68816707
2449,>=21,TRUE,70.98512375
7352,>=21,FALSE,73.2191776
2382,>=21,TRUE,69.79904692
7792,<21,TRUE,63.41177982
6326,>=21,FALSE,74.33430704
6785,<21,FALSE,70.31064195
4014,<21,FALSE,65.63745312
5483,>=21,FALSE,71.14502471
5949,<21,FALSE,62.73994317
4780,<21,FALSE,62.88489963
4944,<21,FALSE,63.99722475
4521,>=21,TRUE,69.19992287
6781,>=21,TRUE,67.52732823
7354,>=21,TRUE,69.57538433
4092,>=21,TRUE,71.86142747
6487,<21,FALSE,64.53902313
7060,<21,FALSE,63.64988165
4031,<21,FALSE,65.43423912
8038,>=21,TRUE,69.30011083
5845,>=21,TRUE,70.57815311
7773,>=21,TRUE,67.61450549
5794,>=21,TRUE,65.54457728
4723,>=21,TRUE,71.15865051
7898,>=21,TRUE,71.19491151
4316,>=21,TRUE,68.76317831
7142,>=21,TRUE,68.48822619
3160,<21,FALSE,67.47449937
7288,>=21,TRUE,68.96190126
8151,>=21,TRUE,69.55095579
3134,>=21,TRUE,67.10500486
7223,>=21,TRUE,67.72116744
3916,>=21,TRUE,67.20355767
2726,>=21,FALSE,71.68240291
5227,<21,TRUE,63.46403786
6796,>=21,TRUE,67.52241449
5178,<21,FALSE,68.02290511
6996,>=21,TRUE,69.71118467
5153,>=21,TRUE,70.43653315
1916,<21,FALSE,67.05155837
6036,>=21,TRUE,69.73272904
2008,<21,FALSE,68.98421948
4190,>=21,TRUE,70.56073462
5034,<21,FALSE,69.05044759
3878,>=21,TRUE,69.42742184
2005,>=21,TRUE,71.0233625
5898,>=21,TRUE,68.97023921
3121,<21,FALSE,63.06395649
7500,>=21,TRUE,71.33224205
3867,<21,FALSE,68.76246699
2511,<21,TRUE,65.34621314
4123,<21,TRUE,65.26522779
5857,<21,FALSE,64.20236315
2531,>=21,TRUE,68.49911131
5914,<21,TRUE,63.64711846
2058,>=21,TRUE,70.08366291
2388,>=21,TRUE,64.75391186
4422,<21,FALSE,64.42113779
5921,>=21,FALSE,71.17518946
6732,>=21,TRUE,70.94597355
7128,<21,FALSE,66.77620657
6205,>=21,TRUE,71.63979261
1939,>=21,TRUE,68.0558172
5064,>=21,TRUE,69.00496986
8124,>=21,TRUE,70.90360203
2588,<21,FALSE,65.57877916
5713,<21,FALSE,66.17748781
6260,>=21,TRUE,67.25084275
6917,<21,TRUE,63.9452505
5627,>=21,TRUE,66.00341907
6427,<21,FALSE,68.8157039
6152,<21,FALSE,69.21009729
2865,<21,FALSE,66.75983609
8125,>=21,TRUE,69.38606808
6193,>=21,FALSE,70.92324135
5017,>=21,TRUE,70.74517333
4197,>=21,TRUE,72.38074952
2397,<21,TRUE,63.45363523
6916,>=21,TRUE,71.5263848
7517,>=21,TRUE,68.04163929
6524,<21,FALSE,60.69796343
8008,>=21,TRUE,70.47474212
7635,>=21,TRUE,67.47522328
7273,<21,TRUE,63.56989219
6653,<21,FALSE,61.9090229
2963,>=21,TRUE,69.62532616
5393,<21,FALSE,60.96034815
4786,>=21,FALSE,69.49322975
2491,>=21,TRUE,69.60202981
4310,<21,FALSE,67.64114691
2342,<21,TRUE,64.48608828
4736,>=21,TRUE,67.8693185
7966,<21,FALSE,58.8667656
4690,<21,FALSE,65.01086623
2935,<21,FALSE,66.79590089
3836,>=21,TRUE,69.54245048
1868,>=21,TRUE,69.75168281
7188,>=21,TRUE,66.46116578
6298,<21,FALSE,61.35630515
7445,<21,FALSE,67.22415808
6954,>=21,TRUE,73.68051246
4015,<21,FALSE,71.47137979
3810,>=21,TRUE,67.06627291
5916,>=21,TRUE,64.07453755
6169,>=21,TRUE,70.30005151
5136,<21,FALSE,70.2952838
3778,>=21,TRUE,68.75953756
2333,>=21,TRUE,67.10822656
7066,<21,FALSE,70.23482232
6354,<21,FALSE,64.62819116
1919,>=21,TRUE,71.5376017
2009,>=21,TRUE,68.13558808
3781,<21,FALSE,69.3331165
3369,<21,FALSE,66.68345368
5252,>=21,FALSE,73.16644838
6820,>=21,FALSE,68.30979881
7664,>=21,TRUE,66.88183461
1981,>=21,TRUE,70.84929397
7425,<21,FALSE,70.00370511
7567,<21,FALSE,65.80542298
3720,>=21,TRUE,72.11735741
6606,>=21,TRUE,69.91437067
7693,<21,FALSE,67.4836989
6969,>=21,TRUE,67.72931956
4825,>=21,TRUE,73.65341633
3307,<21,FALSE,65.09942228
7157,<21,FALSE,65.90779009
7751,<21,TRUE,64.05603663
3410,>=21,TRUE,66.8017982
7024,<21,FALSE,67.78777645
5617,>=21,TRUE,64.01607058
5204,>=21,TRUE,70.07372334
4867,>=21,TRUE,69.20169398
4872,<21,FALSE,69.94093705
7376,>=21,TRUE,68.54473551
2181,>=21,TRUE,65.01736853
5899,>=21,TRUE,68.23541328
4208,>=21,TRUE,68.4686151
3043,>=21,TRUE,69.7317467
2533,<21,FALSE,60.54521048
6834,<21,TRUE,63.89204839
7992,<21,FALSE,62.07441469
2455,<21,FALSE,60.77498925
7014,>=21,TRUE,70.70534301
5056,<21,FALSE,65.69409374
3076,<21,TRUE,65.35602352
7968,>=21,TRUE,69.4312382
2654,<21,FALSE,65.52335796
4457,>=21,TRUE,69.68228288
2237,<21,FALSE,65.53100145
6356,>=21,TRUE,70.49112567
6803,>=21,TRUE,67.93134524
2135,<21,FALSE,66.8226194
6547,>=21,TRUE,67.01512465
2924,>=21,TRUE,71.32142696
4493,>=21,TRUE,69.16219673
2658,>=21,TRUE,67.99689509
4369,<21,FALSE,64.61019313
2421,<21,FALSE,66.39166731
3303,>=21,TRUE,68.5887872
5115,<21,FALSE,64.17728872
7728,<21,TRUE,63.50709675
4094,>=21,TRUE,68.27030688
4327,>=21,FALSE,72.59311246
5248,<21,FALSE,65.08809251
4902,<21,FALSE,68.72685029
5594,<21,FALSE,62.71886648
7478,<21,FALSE,66.28347745
7433,<21,FALSE,65.82370082
5577,<21,TRUE,62.82950013
8137,<21,FALSE,68.61724007
6757,>=21,TRUE,70.54250816
3737,>=21,TRUE,70.39041202
5586,<21,TRUE,63.25032649
7674,<21,FALSE,60.76464803
2459,<21,FALSE,66.1967544
6503,>=21,TRUE,68.44137698
2580,<21,FALSE,66.63638859
2214,>=21,TRUE,67.78437985
7088,<21,TRUE,63.66448136
2085,>=21,TRUE,73.00451214
5184,>=21,FALSE,68.88230187
3235,<21,TRUE,64.42005313
3730,>=21,TRUE,67.50211755
3364,<21,FALSE,69.19251073
2815,>=21,TRUE,66.99710572
5273,>=21,TRUE,65.26469799
5843,>=21,TRUE,69.70170477
2498,>=21,TRUE,68.21661998
5966,>=21,TRUE,72.81214173
3670,>=21,TRUE,66.85963607
7863,<21,TRUE,63.60924833
3961,<21,FALSE,58.9478428
7102,<21,FALSE,67.20014773
6736,>=21,TRUE,68.54094838
5855,<21,FALSE,67.38547587
7068,<21,FALSE,70.56252094
2603,>=21,TRUE,71.16709683
2798,<21,FALSE,67.19196489
2573,<21,FALSE,64.14310577
4500,<21,FALSE,66.61840035
2594,>=21,TRUE,67.88200272
2852,>=21,TRUE,69.41109912
6179,>=21,TRUE,70.49935097
2285,<21,FALSE,66.11403013
3184,>=21,TRUE,67.65946197
7204,>=21,TRUE,69.19386762
7714,<21,FALSE,66.44665752
6028,>=21,TRUE,68.06772016
2391,>=21,TRUE,67.71202698
6055,>=21,TRUE,68.23184907
5592,<21,FALSE,61.69851298
2857,<21,FALSE,64.66865048
4844,<21,FALSE,68.14958365
3883,<21,FALSE,65.27312235
5858,>=21,TRUE,70.01192236
7431,>=21,TRUE,73.32304199
6756,<21,FALSE,66.7157898
5593,>=21,TRUE,72.7554075
4502,<21,FALSE,71.5334828
7406,>=21,TRUE,68.65045012
3673,>=21,TRUE,71.78151498
6574,<21,FALSE,62.82334544
4120,>=21,TRUE,69.53437166
3835,<21,TRUE,64.35923845
8011,>=21,TRUE,68.80897859
7848,<21,FALSE,65.85755265
7630,<21,FALSE,67.63235155
3789,<21,FALSE,64.02276844
2860,>=21,TRUE,73.30096715
4238,<21,FALSE,68.34314188
7337,<21,FALSE,65.61651866
6567,<21,FALSE,69.88842066
6586,>=21,TRUE,71.68124607
6895,<21,FALSE,71.36344812
4423,<21,FALSE,66.60585356
7907,>=21,TRUE,69.44423061
3987,>=21,TRUE,73.75127245
3633,<21,FALSE,63.16203074
2637,<21,TRUE,62.46680989
5435,>=21,TRUE,69.35678344
3795,<21,FALSE,68.42308074
5131,>=21,TRUE,68.53157691
6837,>=21,TRUE,67.92633899
6096,>=21,TRUE,66.35236569
2183,<21,FALSE,66.24389616
2309,<21,FALSE,67.64174546
4653,<21,FALSE,67.01875822
6734,<21,TRUE,64.20351085
3556,<21,FALSE,61.32087588
2888,<21,FALSE,65.92287405
5067,<21,FALSE,62.23988813
2297,>=21,TRUE,67.4458931
5712,<21,FALSE,60.53430582
2471,<21,TRUE,64.85339105
5016,>=21,TRUE,70.7985461
7884,<21,TRUE,64.09602829
5191,>=21,TRUE,68.59469396
6747,<21,FALSE,68.46970246
3650,<21,TRUE,64.78183044
4911,>=21,TRUE,69.07127344
6737,>=21,TRUE,64.04196646
3882,>=21,TRUE,64.43426353
3084,<21,FALSE,64.79584001
6784,<21,TRUE,63.19063485
5238,<21,TRUE,64.26559653
7525,>=21,FALSE,70.26676189
2035,<21,TRUE,63.03769137
5678,>=21,TRUE,68.74576498
4192,>=21,TRUE,70.32110301
8121,<21,TRUE,64.77536511
4139,<21,FALSE,68.75119285
3968,<21,FALSE,63.99026654
2356,>=21,TRUE,68.50023033
4663,>=21,TRUE,71.30150128
3051,<21,FALSE,63.62657607
7518,>=21,TRUE,68.17827119
4492,>=21,TRUE,66.72985101
3296,<21,FALSE,68.01471088
4822,>=21,TRUE,68.90826467
6384,>=21,TRUE,70.05536271
7804,<21,FALSE,63.69822722
5616,>=21,TRUE,71.21833983
7368,<21,FALSE,66.61591801
2440,>=21,TRUE,68.13152999
3917,>=21,TRUE,69.7987546
7588,>=21,TRUE,73.21289639
7151,>=21,FALSE,72.37557198
2969,>=21,FALSE,69.01378726
7338,<21,FALSE,69.75423886
7067,<21,FALSE,61.72774063
6528,>=21,FALSE,67.0792473
7768,<21,FALSE,68.63500929
6673,<21,FALSE,73.10580392
4200,<21,FALSE,69.40396445
5984,>=21,TRUE,68.5440836
5302,<21,TRUE,63.82292068
5978,>=21,TRUE,67.29827532
3900,<21,FALSE,60.09593297
5705,<21,FALSE,63.76586855
